{"SubTexture":[{"width":93,"frameX":-12,"height":99,"frameY":-36,"y":515,"frameWidth":150,"name":"4_fall_2","frameHeight":150,"x":799},{"width":87,"frameX":-18,"height":54,"frameY":-81,"y":954,"frameWidth":150,"name":"4_fall_6","frameHeight":150,"x":546},{"width":81,"frameX":-24,"height":87,"frameY":-48,"y":726,"frameWidth":150,"name":"4_fall_1","frameHeight":150,"x":810},{"width":78,"frameX":-27,"height":93,"frameY":-42,"y":708,"frameWidth":150,"name":"4_fall_0","frameHeight":150,"x":730},{"width":87,"frameX":-18,"height":108,"frameY":-27,"y":420,"frameWidth":150,"name":"4_fall_5","frameHeight":150,"x":903},{"width":87,"frameX":-18,"height":105,"frameY":-30,"y":530,"frameWidth":150,"name":"4_fall_4","frameHeight":150,"x":894},{"width":87,"frameX":-18,"height":102,"frameY":-33,"y":583,"frameWidth":150,"name":"4_fall_3","frameHeight":150,"x":1},{"width":78,"frameX":-33,"height":87,"frameY":-48,"y":803,"frameWidth":150,"name":"4_move_4","frameHeight":150,"x":149},{"width":75,"frameX":-36,"height":87,"frameY":-48,"y":934,"frameWidth":150,"name":"4_move_3","frameHeight":150,"x":943},{"width":81,"frameX":-30,"height":84,"frameY":-51,"y":785,"frameWidth":150,"name":"4_move_2","frameHeight":150,"x":250},{"width":78,"frameX":-33,"height":87,"frameY":-48,"y":773,"frameWidth":150,"name":"4_move_1","frameHeight":150,"x":481},{"width":75,"frameX":-36,"height":87,"frameY":-48,"y":934,"frameWidth":150,"name":"4_move_0","frameHeight":150,"x":866},{"width":81,"frameX":-30,"height":84,"frameY":-51,"y":773,"frameWidth":150,"name":"4_move_5","frameHeight":150,"x":398},{"width":75,"frameX":-39,"height":90,"frameY":-45,"y":892,"frameWidth":150,"name":"4_stand_1","frameHeight":150,"x":638},{"width":72,"frameX":-39,"height":93,"frameY":-42,"y":803,"frameWidth":150,"name":"4_stand_0","frameHeight":150,"x":715},{"width":72,"frameX":-39,"height":93,"frameY":-42,"y":910,"frameWidth":150,"name":"4_stand_4","frameHeight":150,"x":792},{"width":72,"frameX":-39,"height":90,"frameY":-45,"y":859,"frameWidth":150,"name":"4_stand_2","frameHeight":150,"x":333},{"width":66,"frameX":-42,"height":93,"frameY":-42,"y":862,"frameWidth":150,"name":"4_stand_3","frameHeight":150,"x":478},{"width":72,"frameX":-39,"height":105,"frameY":-30,"y":681,"frameWidth":150,"name":"4_win_5","frameHeight":150,"x":176},{"width":75,"frameX":-36,"height":90,"frameY":-45,"y":800,"frameWidth":150,"name":"4_win_0","frameHeight":150,"x":638},{"width":72,"frameX":-39,"height":108,"frameY":-27,"y":687,"frameWidth":150,"name":"4_win_1","frameHeight":150,"x":1},{"width":72,"frameX":-39,"height":105,"frameY":-30,"y":797,"frameWidth":150,"name":"4_win_2","frameHeight":150,"x":1},{"width":72,"frameX":-39,"height":108,"frameY":-27,"y":637,"frameWidth":150,"name":"4_win_4","frameHeight":150,"x":912},{"width":75,"frameX":-39,"height":93,"frameY":-45,"y":839,"frameWidth":150,"name":"7_attack_0","frameHeight":150,"x":887},{"width":117,"frameX":-6,"height":90,"frameY":-48,"y":93,"frameWidth":150,"name":"7_attack_3","frameHeight":150,"x":799},{"width":102,"frameX":-12,"height":93,"frameY":-45,"y":420,"frameWidth":150,"name":"7_attack_4","frameHeight":150,"x":799},{"width":75,"frameX":-42,"height":90,"frameY":-48,"y":773,"frameWidth":150,"name":"7_attack_1","frameHeight":150,"x":561},{"width":123,"frameX":-6,"height":90,"frameY":-48,"y":1,"frameWidth":150,"name":"7_attack_2","frameHeight":150,"x":799},{"width":90,"frameX":-18,"height":60,"frameY":-78,"y":892,"frameWidth":150,"name":"7_fall_6","frameHeight":150,"x":546},{"width":90,"frameX":-27,"height":90,"frameY":-48,"y":616,"frameWidth":150,"name":"7_fall_0","frameHeight":150,"x":728},{"width":84,"frameX":-24,"height":105,"frameY":-33,"y":583,"frameWidth":150,"name":"7_fall_2","frameHeight":150,"x":90},{"width":90,"frameX":-18,"height":108,"frameY":-30,"y":310,"frameWidth":150,"name":"7_fall_3","frameHeight":150,"x":891},{"width":90,"frameX":-18,"height":111,"frameY":-27,"y":283,"frameWidth":150,"name":"7_fall_5","frameHeight":150,"x":799},{"width":90,"frameX":-24,"height":87,"frameY":-51,"y":637,"frameWidth":150,"name":"7_fall_1","frameHeight":150,"x":820},{"width":90,"frameX":-18,"height":111,"frameY":-27,"y":197,"frameWidth":150,"name":"7_fall_4","frameHeight":150,"x":909},{"width":90,"frameX":-33,"height":96,"frameY":-42,"y":583,"frameWidth":150,"name":"7_move_4","frameHeight":150,"x":176},{"width":90,"frameX":-33,"height":96,"frameY":-42,"y":583,"frameWidth":150,"name":"7_move_3","frameHeight":150,"x":360},{"width":90,"frameX":-33,"height":96,"frameY":-42,"y":583,"frameWidth":150,"name":"7_move_2","frameHeight":150,"x":268},{"width":90,"frameX":-33,"height":96,"frameY":-42,"y":583,"frameWidth":150,"name":"7_move_1","frameHeight":150,"x":636},{"width":90,"frameX":-33,"height":96,"frameY":-42,"y":583,"frameWidth":150,"name":"7_move_5","frameHeight":150,"x":544},{"width":90,"frameX":-33,"height":96,"frameY":-42,"y":583,"frameWidth":150,"name":"7_move_0","frameHeight":150,"x":452},{"width":72,"frameX":-36,"height":90,"frameY":-48,"y":833,"frameWidth":150,"name":"7_stand_3","frameHeight":150,"x":75},{"width":78,"frameX":-33,"height":90,"frameY":-48,"y":747,"frameWidth":150,"name":"7_stand_2","frameHeight":150,"x":893},{"width":69,"frameX":-39,"height":93,"frameY":-45,"y":859,"frameWidth":150,"name":"7_stand_4","frameHeight":150,"x":407},{"width":81,"frameX":-33,"height":90,"frameY":-48,"y":681,"frameWidth":150,"name":"7_stand_1","frameHeight":150,"x":398},{"width":75,"frameX":-36,"height":93,"frameY":-45,"y":815,"frameWidth":150,"name":"7_stand_0","frameHeight":150,"x":810},{"width":72,"frameX":-36,"height":102,"frameY":-36,"y":681,"frameWidth":150,"name":"7_win_4","frameHeight":150,"x":324},{"width":81,"frameX":-33,"height":90,"frameY":-48,"y":708,"frameWidth":150,"name":"7_win_3","frameHeight":150,"x":647},{"width":72,"frameX":-36,"height":105,"frameY":-33,"y":904,"frameWidth":150,"name":"7_win_2","frameHeight":150,"x":1},{"width":72,"frameX":-36,"height":102,"frameY":-36,"y":681,"frameWidth":150,"name":"7_win_1","frameHeight":150,"x":250},{"width":81,"frameX":-33,"height":90,"frameY":-48,"y":681,"frameWidth":150,"name":"7_win_0","frameHeight":150,"x":481},{"width":72,"frameX":-36,"height":105,"frameY":-33,"y":726,"frameWidth":150,"name":"7_win_5","frameHeight":150,"x":75},{"width":108,"frameX":0,"height":96,"frameY":-45,"y":185,"frameWidth":150,"name":"4_attack_4","frameHeight":150,"x":799},{"width":75,"frameX":-42,"height":90,"frameY":-45,"y":910,"frameWidth":150,"name":"4_attack_0","frameHeight":150,"x":715},{"width":96,"frameX":-9,"height":90,"frameY":-45,"y":1,"frameWidth":150,"name":"4_attack_2","frameHeight":150,"x":924},{"width":102,"frameX":-3,"height":102,"frameY":-48,"y":93,"frameWidth":150,"name":"4_attack_3","frameHeight":150,"x":918},{"width":81,"frameX":-45,"height":90,"frameY":-45,"y":681,"frameWidth":150,"name":"4_attack_1","frameHeight":150,"x":564},{"width":796,"frameX":-512,"height":580,"frameY":-107,"y":1,"frameWidth":1890,"name":"字体","frameHeight":1020,"x":1}],"imagePath":"FramesAnimation_tex.png","width":1024,"name":"NewProject","height":1024}