{"isGlobal":0,"armature":[{"aabb":{"width":150,"y":-75,"height":150,"x":-75},"bone":[{"name":"root","transform":{}}],"animation":[{"duration":7,"bone":[],"frame":[],"ffd":[],"playTimes":0,"slot":[{"frame":[{"tweenEasing":null,"duration":1},{"tweenEasing":null,"duration":1,"displayIndex":1},{"tweenEasing":null,"duration":1,"displayIndex":2},{"tweenEasing":null,"duration":1,"displayIndex":3},{"tweenEasing":null,"duration":1,"displayIndex":4},{"tweenEasing":null,"duration":1,"displayIndex":5},{"tweenEasing":null,"duration":1,"displayIndex":6}],"name":"sheetSlot"}],"name":"boy-fall"}],"slot":[{"color":{},"displayIndex":1,"name":"sheetSlot","parent":"root"}],"skin":[{"slot":[{"display":[{"type":"image","path":"4_fall_0","name":"4_fall_0","transform":{}},{"type":"image","path":"4_fall_1","name":"4_fall_1","transform":{}},{"type":"image","path":"4_fall_2","name":"4_fall_2","transform":{}},{"type":"image","path":"4_fall_3","name":"4_fall_3","transform":{}},{"type":"image","path":"4_fall_4","name":"4_fall_4","transform":{}},{"type":"image","path":"4_fall_5","name":"4_fall_5","transform":{}},{"type":"image","path":"4_fall_6","name":"4_fall_6","transform":{}}],"name":"sheetSlot"}],"name":""}],"ik":[],"type":"sheet","defaultActions":[{"gotoAndPlay":"boy-fall"}],"name":"boy-fall","frameRate":6},{"aabb":{"width":150,"y":-75,"height":150,"x":-75},"bone":[{"name":"root","transform":{}}],"animation":[{"duration":6,"bone":[],"frame":[],"ffd":[],"playTimes":0,"slot":[{"frame":[{"tweenEasing":null,"duration":1},{"tweenEasing":null,"duration":1,"displayIndex":1},{"tweenEasing":null,"duration":1,"displayIndex":2},{"tweenEasing":null,"duration":1,"displayIndex":3},{"tweenEasing":null,"duration":1,"displayIndex":4},{"tweenEasing":null,"duration":1,"displayIndex":5}],"name":"sheetSlot"}],"name":"boy-move"}],"slot":[{"color":{},"displayIndex":2,"name":"sheetSlot","parent":"root"}],"skin":[{"slot":[{"display":[{"type":"image","path":"4_move_0","name":"4_move_0","transform":{}},{"type":"image","path":"4_move_1","name":"4_move_1","transform":{}},{"type":"image","path":"4_move_2","name":"4_move_2","transform":{}},{"type":"image","path":"4_move_3","name":"4_move_3","transform":{}},{"type":"image","path":"4_move_4","name":"4_move_4","transform":{}},{"type":"image","path":"4_move_5","name":"4_move_5","transform":{}}],"name":"sheetSlot"}],"name":""}],"ik":[],"type":"sheet","defaultActions":[{"gotoAndPlay":"boy-move"}],"name":"boy-move","frameRate":6},{"aabb":{"width":150,"y":-75,"height":150,"x":-75},"bone":[{"name":"root","transform":{}}],"animation":[{"duration":5,"bone":[],"frame":[],"ffd":[],"playTimes":0,"slot":[{"frame":[{"tweenEasing":null,"duration":1},{"tweenEasing":null,"duration":1,"displayIndex":1},{"tweenEasing":null,"duration":1,"displayIndex":2},{"tweenEasing":null,"duration":1,"displayIndex":3},{"tweenEasing":null,"duration":1,"displayIndex":4}],"name":"sheetSlot"}],"name":"boy-stand"}],"slot":[{"color":{},"displayIndex":2,"name":"sheetSlot","parent":"root"}],"skin":[{"slot":[{"display":[{"type":"image","path":"4_stand_0","name":"4_stand_0","transform":{}},{"type":"image","path":"4_stand_1","name":"4_stand_1","transform":{}},{"type":"image","path":"4_stand_2","name":"4_stand_2","transform":{}},{"type":"image","path":"4_stand_3","name":"4_stand_3","transform":{}},{"type":"image","path":"4_stand_4","name":"4_stand_4","transform":{}}],"name":"sheetSlot"}],"name":""}],"ik":[],"type":"sheet","defaultActions":[{"gotoAndPlay":"boy-stand"}],"name":"boy-stand","frameRate":6},{"aabb":{"width":150,"y":-75,"height":150,"x":-75},"bone":[{"name":"root","transform":{}}],"animation":[{"duration":5,"bone":[],"frame":[],"ffd":[],"playTimes":0,"slot":[{"frame":[{"tweenEasing":null,"duration":1},{"tweenEasing":null,"duration":1,"displayIndex":1},{"tweenEasing":null,"duration":1,"displayIndex":2},{"tweenEasing":null,"duration":1,"displayIndex":3},{"tweenEasing":null,"duration":1,"displayIndex":4}],"name":"sheetSlot"}],"name":"boy-win"}],"slot":[{"color":{},"displayIndex":4,"name":"sheetSlot","parent":"root"}],"skin":[{"slot":[{"display":[{"type":"image","path":"4_win_0","name":"4_win_0","transform":{}},{"type":"image","path":"4_win_1","name":"4_win_1","transform":{}},{"type":"image","path":"4_win_2","name":"4_win_2","transform":{}},{"type":"image","path":"4_win_4","name":"4_win_4","transform":{}},{"type":"image","path":"4_win_5","name":"4_win_5","transform":{}}],"name":"sheetSlot"}],"name":""}],"ik":[],"type":"sheet","defaultActions":[{"gotoAndPlay":"boy-win"}],"name":"boy-win","frameRate":6},{"aabb":{"width":150,"y":-75,"height":150,"x":-75},"bone":[{"name":"root","transform":{}}],"animation":[{"duration":5,"bone":[],"frame":[],"ffd":[],"playTimes":0,"slot":[{"frame":[{"tweenEasing":null,"duration":1},{"tweenEasing":null,"duration":1,"displayIndex":1},{"tweenEasing":null,"duration":1,"displayIndex":2},{"tweenEasing":null,"duration":1,"displayIndex":3},{"tweenEasing":null,"duration":1,"displayIndex":4}],"name":"sheetSlot"}],"name":"girl-attack"}],"slot":[{"color":{},"displayIndex":2,"name":"sheetSlot","parent":"root"}],"skin":[{"slot":[{"display":[{"type":"image","path":"7_attack_0","name":"7_attack_0","transform":{}},{"type":"image","path":"7_attack_1","name":"7_attack_1","transform":{}},{"type":"image","path":"7_attack_2","name":"7_attack_2","transform":{}},{"type":"image","path":"7_attack_3","name":"7_attack_3","transform":{}},{"type":"image","path":"7_attack_4","name":"7_attack_4","transform":{}}],"name":"sheetSlot"}],"name":""}],"ik":[],"type":"sheet","defaultActions":[{"gotoAndPlay":"girl-attack"}],"name":"girl-attack","frameRate":6},{"aabb":{"width":150,"y":-75,"height":150,"x":-75},"bone":[{"name":"root","transform":{}}],"animation":[{"duration":7,"bone":[],"frame":[],"ffd":[],"playTimes":0,"slot":[{"frame":[{"tweenEasing":null,"duration":1},{"tweenEasing":null,"duration":1,"displayIndex":1},{"tweenEasing":null,"duration":1,"displayIndex":2},{"tweenEasing":null,"duration":1,"displayIndex":3},{"tweenEasing":null,"duration":1,"displayIndex":4},{"tweenEasing":null,"duration":1,"displayIndex":5},{"tweenEasing":null,"duration":1,"displayIndex":6}],"name":"sheetSlot"}],"name":"girl-fall"}],"slot":[{"color":{},"displayIndex":5,"name":"sheetSlot","parent":"root"}],"skin":[{"slot":[{"display":[{"type":"image","path":"7_fall_0","name":"7_fall_0","transform":{}},{"type":"image","path":"7_fall_1","name":"7_fall_1","transform":{}},{"type":"image","path":"7_fall_2","name":"7_fall_2","transform":{}},{"type":"image","path":"7_fall_3","name":"7_fall_3","transform":{}},{"type":"image","path":"7_fall_4","name":"7_fall_4","transform":{}},{"type":"image","path":"7_fall_5","name":"7_fall_5","transform":{}},{"type":"image","path":"7_fall_6","name":"7_fall_6","transform":{}}],"name":"sheetSlot"}],"name":""}],"ik":[],"type":"sheet","defaultActions":[{"gotoAndPlay":"girl-fall"}],"name":"girl-fall","frameRate":6},{"aabb":{"width":150,"y":-75,"height":150,"x":-75},"bone":[{"name":"root","transform":{}}],"animation":[{"duration":6,"bone":[],"frame":[],"ffd":[],"playTimes":0,"slot":[{"frame":[{"tweenEasing":null,"duration":1},{"tweenEasing":null,"duration":1,"displayIndex":1},{"tweenEasing":null,"duration":1,"displayIndex":2},{"tweenEasing":null,"duration":1,"displayIndex":3},{"tweenEasing":null,"duration":1,"displayIndex":4},{"tweenEasing":null,"duration":1,"displayIndex":5}],"name":"sheetSlot"}],"name":"girl-move"}],"slot":[{"color":{},"name":"sheetSlot","parent":"root"}],"skin":[{"slot":[{"display":[{"type":"image","path":"7_move_0","name":"7_move_0","transform":{}},{"type":"image","path":"7_move_1","name":"7_move_1","transform":{}},{"type":"image","path":"7_move_2","name":"7_move_2","transform":{}},{"type":"image","path":"7_move_3","name":"7_move_3","transform":{}},{"type":"image","path":"7_move_4","name":"7_move_4","transform":{}},{"type":"image","path":"7_move_5","name":"7_move_5","transform":{}}],"name":"sheetSlot"}],"name":""}],"ik":[],"type":"sheet","defaultActions":[{"gotoAndPlay":"girl-move"}],"name":"girl-move","frameRate":6},{"aabb":{"width":150,"y":-75,"height":150,"x":-75},"bone":[{"name":"root","transform":{}}],"animation":[{"duration":5,"bone":[],"frame":[],"ffd":[],"playTimes":0,"slot":[{"frame":[{"tweenEasing":null,"duration":1},{"tweenEasing":null,"duration":1,"displayIndex":1},{"tweenEasing":null,"duration":1,"displayIndex":2},{"tweenEasing":null,"duration":1,"displayIndex":3},{"tweenEasing":null,"duration":1,"displayIndex":4}],"name":"sheetSlot"}],"name":"girl-stand"}],"slot":[{"color":{},"displayIndex":2,"name":"sheetSlot","parent":"root"}],"skin":[{"slot":[{"display":[{"type":"image","path":"7_stand_0","name":"7_stand_0","transform":{}},{"type":"image","path":"7_stand_1","name":"7_stand_1","transform":{}},{"type":"image","path":"7_stand_2","name":"7_stand_2","transform":{}},{"type":"image","path":"7_stand_3","name":"7_stand_3","transform":{}},{"type":"image","path":"7_stand_4","name":"7_stand_4","transform":{}}],"name":"sheetSlot"}],"name":""}],"ik":[],"type":"sheet","defaultActions":[{"gotoAndPlay":"girl-stand"}],"name":"girl-stand","frameRate":6},{"aabb":{"width":150,"y":-75,"height":150,"x":-75},"bone":[{"name":"root","transform":{}}],"animation":[{"duration":6,"bone":[],"frame":[],"ffd":[],"playTimes":0,"slot":[{"frame":[{"tweenEasing":null,"duration":1},{"tweenEasing":null,"duration":1,"displayIndex":1},{"tweenEasing":null,"duration":1,"displayIndex":2},{"tweenEasing":null,"duration":1,"displayIndex":3},{"tweenEasing":null,"duration":1,"displayIndex":4},{"tweenEasing":null,"duration":1,"displayIndex":5}],"name":"sheetSlot"}],"name":"girl-win"}],"slot":[{"color":{},"name":"sheetSlot","parent":"root"}],"skin":[{"slot":[{"display":[{"type":"image","path":"7_win_0","name":"7_win_0","transform":{}},{"type":"image","path":"7_win_1","name":"7_win_1","transform":{}},{"type":"image","path":"7_win_2","name":"7_win_2","transform":{}},{"type":"image","path":"7_win_3","name":"7_win_3","transform":{}},{"type":"image","path":"7_win_4","name":"7_win_4","transform":{}},{"type":"image","path":"7_win_5","name":"7_win_5","transform":{}}],"name":"sheetSlot"}],"name":""}],"ik":[],"type":"sheet","defaultActions":[{"gotoAndPlay":"girl-win"}],"name":"girl-win","frameRate":6},{"aabb":{"width":150,"y":-75,"height":150,"x":-75},"bone":[{"name":"root","transform":{}}],"animation":[{"duration":5,"bone":[],"frame":[],"ffd":[],"playTimes":0,"slot":[{"frame":[{"tweenEasing":null,"duration":1},{"tweenEasing":null,"duration":1,"displayIndex":1},{"tweenEasing":null,"duration":1,"displayIndex":2},{"tweenEasing":null,"duration":1,"displayIndex":3},{"tweenEasing":null,"duration":1,"displayIndex":4}],"name":"sheetSlot"}],"name":"boy-attack"}],"slot":[{"color":{},"displayIndex":3,"name":"sheetSlot","parent":"root"}],"skin":[{"slot":[{"display":[{"type":"image","path":"4_attack_0","name":"4_attack_0","transform":{}},{"type":"image","path":"4_attack_1","name":"4_attack_1","transform":{}},{"type":"image","path":"4_attack_2","name":"4_attack_2","transform":{}},{"type":"image","path":"4_attack_3","name":"4_attack_3","transform":{}},{"type":"image","path":"4_attack_4","name":"4_attack_4","transform":{}}],"name":"sheetSlot"}],"name":""}],"ik":[],"type":"sheet","defaultActions":[{"gotoAndPlay":"boy-attack"}],"name":"boy-attack","frameRate":6},{"aabb":{"width":1890,"y":-510,"height":1020,"x":-922},"bone":[{"name":"root","transform":{}}],"animation":[{"duration":1,"bone":[],"frame":[],"ffd":[],"playTimes":0,"slot":[{"frame":[{"tweenEasing":null,"duration":1}],"name":"sheetSlot"}],"name":"聚鼎时代"}],"slot":[{"color":{},"name":"sheetSlot","parent":"root"}],"skin":[{"slot":[{"display":[{"type":"image","path":"字体","name":"字体_1","transform":{"x":23}}],"name":"sheetSlot"}],"name":""}],"ik":[],"type":"sheet","defaultActions":[{"gotoAndPlay":"聚鼎时代"}],"name":"聚鼎时代","frameRate":24}],"name":"NewProject","frameRate":24,"version":"5.0"}