{"SubTexture":[{"width":118,"y":120,"height":117,"name":"shin_01","x":293},{"width":118,"y":1,"height":117,"name":"shin_02","x":293},{"width":62,"y":492,"height":89,"name":"thigh_02_02","x":255},{"width":56,"y":239,"height":86,"name":"thigh_01_02","x":383},{"width":325,"y":635,"height":201,"name":"body","x":1},{"width":252,"y":343,"height":290,"name":"tail_02","x":1},{"width":110,"y":492,"height":209,"name":"tail_01","x":328},{"width":219,"y":343,"height":147,"name":"wing","x":255},{"width":115,"y":703,"height":132,"name":"neck_shadow","x":328},{"width":290,"y":1,"height":340,"name":"head","x":1},{"width":88,"y":239,"height":69,"name":"hood","x":293},{"width":73,"y":1,"height":53,"name":"beak","x":413},{"width":73,"y":56,"height":53,"name":"beak_lower","x":413},{"width":485,"y":838,"height":93,"name":"copyrights","x":1}],"imagePath":"Rooster_An_tex.png","name":"Rooster_Animation_Project_v24"}