{"SubTexture":[{"width":82,"y":546,"height":52,"name":"foot_back_toe_rt","x":752},{"width":120,"y":370,"height":148,"name":"leg_back_rt","x":894},{"width":112,"y":183,"height":62,"name":"foot_front_toe_rt","x":813},{"width":88,"y":183,"height":70,"name":"foot_back_toe_lt","x":927},{"width":148,"y":370,"height":202,"name":"leg_back_lt","x":478},{"width":140,"y":370,"height":174,"name":"leg_front_rt","x":752},{"width":122,"y":370,"height":203,"name":"leg_front_lt","x":628},{"width":102,"y":183,"height":74,"name":"foot_front_toe_lt","x":709},{"width":475,"y":1,"height":395,"name":"Sheep_01_Body","x":1},{"width":73,"y":520,"height":110,"name":"ear_lt","x":894},{"width":36,"y":255,"height":79,"name":"ear_rt","x":965},{"width":229,"y":1,"height":272,"name":"Sheep_01_Head","x":478},{"width":27,"y":1,"height":34,"name":"eye_lt","x":959},{"width":20,"y":336,"height":31,"name":"eye_rt","x":965},{"width":248,"y":1,"height":180,"name":"Sheep_01_Hair","x":709},{"width":485,"y":275,"height":93,"name":"copyrights","x":478}],"imagePath":"Sheep_Anim_tex.png","name":"Sheep_Animation_v02"}