{"version":"4.5","frameRate":24,"isGlobal":0,"name":"DragonOpening","armature":[{"frameRate":24,"ik":[],"aabb":{"x":-243.5,"y":-243.5,"width":487,"height":487},"type":"MovieClip","animation":[{"ffd":[],"playTimes":0,"frame":[],"duration":90,"bone":[{"frame":[{"tweenEasing":null,"transform":{},"duration":90}],"name":"root"},{"frame":[{"tweenEasing":null,"transform":{},"duration":12},{"curve":[0,0,0.5,1],"transform":{"y":528.5384,"x":107.3769},"duration":13},{"tweenEasing":null,"transform":{"y":-91.8226,"x":107.3769},"duration":32},{"tweenEasing":null,"transform":{"y":-91.8226,"x":107.3769},"duration":33},{"tweenEasing":null,"transform":{"y":-91.8226,"x":107.3769},"duration":0}],"name":"body"},{"frame":[{"curve":[0,0,0.5,1],"transform":{},"duration":25},{"tweenEasing":null,"transform":{},"duration":7},{"tweenEasing":null,"transform":{},"duration":25},{"tweenEasing":null,"transform":{},"duration":33},{"tweenEasing":null,"transform":{},"duration":0}],"name":"board1"},{"frame":[{"tweenEasing":null,"transform":{},"duration":12},{"curve":[0,0,0.5,1],"transform":{"y":421.5708,"skX":27.2672,"x":45.6862,"skY":27.2672},"duration":13},{"tweenEasing":null,"transform":{"y":-198.7902,"skX":27.2672,"x":45.6862,"skY":27.2672},"duration":7},{"curve":[0.5,0,1,1],"transform":{"y":-198.7902,"skX":27.2672,"x":45.6862,"skY":27.2672},"duration":9},{"tweenEasing":null,"transform":{"y":-198.7902,"skX":8.4308,"x":45.6862,"skY":8.4308},"duration":16},{"tweenEasing":null,"transform":{"y":-198.7902,"skX":8.4308,"x":45.6862,"skY":8.4308},"duration":33},{"tweenEasing":null,"transform":{"y":-198.7902,"skX":8.4308,"x":45.6862,"skY":8.4308},"duration":0}],"name":"left10"},{"frame":[{"tweenEasing":null,"transform":{},"duration":12},{"curve":[0,0,0.5,1],"transform":{"y":274.4243,"skX":34.7499,"x":270.0951,"skY":34.7499},"duration":13},{"tweenEasing":null,"transform":{"y":-345.9367,"skX":34.7499,"x":270.0951,"skY":34.7499},"duration":7},{"curve":[0.5,0,1,1],"transform":{"y":-345.9367,"skX":34.7499,"x":270.0951,"skY":34.7499},"duration":9},{"tweenEasing":null,"transform":{"y":-397.4678,"skX":9.958,"x":209.1805,"skY":9.958},"duration":16},{"tweenEasing":null,"transform":{"y":-397.4678,"skX":9.958,"x":209.1805,"skY":9.958},"duration":33},{"tweenEasing":null,"transform":{"y":-397.4678,"skX":9.958,"x":209.1805,"skY":9.958},"duration":0}],"name":"left9"},{"frame":[{"tweenEasing":null,"transform":{},"duration":12},{"curve":[0,0,0.5,1],"transform":{"y":274.4243,"skX":40.0717,"x":270.0951,"skY":40.0717},"duration":13},{"tweenEasing":null,"transform":{"y":-345.9367,"skX":40.0717,"x":270.0951,"skY":40.0717},"duration":7},{"curve":[0.5,0,1,1],"transform":{"y":-345.9367,"skX":40.0717,"x":270.0951,"skY":40.0717},"duration":9},{"tweenEasing":null,"transform":{"y":-397.4678,"skX":8.9664,"x":209.1805,"skY":8.9664},"duration":16},{"tweenEasing":null,"transform":{"y":-397.4678,"skX":8.9664,"x":209.1805,"skY":8.9664},"duration":33},{"tweenEasing":null,"transform":{"y":-397.4678,"skX":8.9664,"x":209.1805,"skY":8.9664},"duration":0}],"name":"left8"},{"frame":[{"tweenEasing":null,"transform":{},"duration":12},{"curve":[0,0,0.5,1],"transform":{"y":274.4243,"skX":45.5227,"x":270.0951,"skY":45.5227},"duration":13},{"tweenEasing":null,"transform":{"y":-345.9367,"skX":45.5227,"x":270.0951,"skY":45.5227},"duration":7},{"curve":[0.5,0,1,1],"transform":{"y":-345.9367,"skX":45.5227,"x":270.0951,"skY":45.5227},"duration":9},{"tweenEasing":null,"transform":{"y":-397.4678,"skX":6.2651,"x":209.1805,"skY":6.2651},"duration":16},{"tweenEasing":null,"transform":{"y":-397.4678,"skX":6.2651,"x":209.1805,"skY":6.2651},"duration":33},{"tweenEasing":null,"transform":{"y":-397.4678,"skX":6.2651,"x":209.1805,"skY":6.2651},"duration":0}],"name":"left7"},{"frame":[{"tweenEasing":null,"transform":{},"duration":12},{"curve":[0,0,0.5,1],"transform":{"y":274.4243,"skX":51.1443,"x":270.0951,"skY":51.1443},"duration":13},{"tweenEasing":null,"transform":{"y":-345.9367,"skX":51.1443,"x":270.0951,"skY":51.1443},"duration":7},{"curve":[0.5,0,1,1],"transform":{"y":-345.9367,"skX":51.1443,"x":270.0951,"skY":51.1443},"duration":9},{"tweenEasing":null,"transform":{"y":-397.4678,"skX":7.8213,"x":209.1805,"skY":7.8213},"duration":16},{"tweenEasing":null,"transform":{"y":-397.4678,"skX":7.8213,"x":209.1805,"skY":7.8213},"duration":33},{"tweenEasing":null,"transform":{"y":-397.4678,"skX":7.8213,"x":209.1805,"skY":7.8213},"duration":0}],"name":"left6"},{"frame":[{"tweenEasing":null,"transform":{},"duration":12},{"curve":[0,0,0.5,1],"transform":{"y":274.4243,"skX":54.7961,"x":270.0951,"skY":54.7961},"duration":13},{"tweenEasing":null,"transform":{"y":-345.9367,"skX":54.7961,"x":270.0951,"skY":54.7961},"duration":7},{"curve":[0.5,0,1,1],"transform":{"y":-345.9367,"skX":54.7961,"x":270.0951,"skY":54.7961},"duration":9},{"tweenEasing":null,"transform":{"y":-397.4678,"skX":6.7406,"x":209.1805,"skY":6.7406},"duration":16},{"tweenEasing":null,"transform":{"y":-397.4678,"skX":6.7406,"x":209.1805,"skY":6.7406},"duration":33},{"tweenEasing":null,"transform":{"y":-397.4678,"skX":6.7406,"x":209.1805,"skY":6.7406},"duration":0}],"name":"left5"},{"frame":[{"tweenEasing":null,"transform":{},"duration":12},{"curve":[0,0,0.5,1],"transform":{"y":274.4243,"skX":56.9063,"x":270.0951,"skY":56.9063},"duration":13},{"tweenEasing":null,"transform":{"y":-345.9367,"skX":56.9063,"x":270.0951,"skY":56.9063},"duration":7},{"curve":[0.5,0,1,1],"transform":{"y":-345.9367,"skX":56.9063,"x":270.0951,"skY":56.9063},"duration":9},{"tweenEasing":null,"transform":{"y":-397.4678,"skX":6.1299,"x":209.1805,"skY":6.1299},"duration":16},{"tweenEasing":null,"transform":{"y":-397.4678,"skX":6.1299,"x":209.1805,"skY":6.1299},"duration":33},{"tweenEasing":null,"transform":{"y":-397.4678,"skX":6.1299,"x":209.1805,"skY":6.1299},"duration":0}],"name":"left4"},{"frame":[{"tweenEasing":null,"transform":{},"duration":12},{"curve":[0,0,0.5,1],"transform":{"y":274.4243,"skX":63.3192,"x":270.0951,"skY":63.3192},"duration":13},{"tweenEasing":null,"transform":{"y":-345.9367,"skX":63.3192,"x":270.0951,"skY":63.3192},"duration":7},{"curve":[0.5,0,1,1],"transform":{"y":-345.9367,"skX":63.3192,"x":270.0951,"skY":63.3192},"duration":9},{"tweenEasing":null,"transform":{"y":-397.4678,"skX":3.5411,"x":209.1805,"skY":3.5411},"duration":16},{"tweenEasing":null,"transform":{"y":-397.4678,"skX":3.5411,"x":209.1805,"skY":3.5411},"duration":33},{"tweenEasing":null,"transform":{"y":-397.4678,"skX":3.5411,"x":209.1805,"skY":3.5411},"duration":0}],"name":"left3"},{"frame":[{"tweenEasing":null,"transform":{},"duration":12},{"curve":[0,0,0.5,1],"transform":{"y":274.4243,"skX":67.6875,"x":270.0951,"skY":67.6875},"duration":13},{"tweenEasing":null,"transform":{"y":-345.9367,"skX":67.6875,"x":270.0951,"skY":67.6875},"duration":7},{"curve":[0.5,0,1,1],"transform":{"y":-345.9367,"skX":67.6875,"x":270.0951,"skY":67.6875},"duration":9},{"tweenEasing":null,"transform":{"y":-397.4678,"skX":3.8899,"x":209.1805,"skY":3.8899},"duration":16},{"tweenEasing":null,"transform":{"y":-397.4678,"skX":3.8899,"x":209.1805,"skY":3.8899},"duration":33},{"tweenEasing":null,"transform":{"y":-397.4678,"skX":3.8899,"x":209.1805,"skY":3.8899},"duration":0}],"name":"left2"},{"frame":[{"tweenEasing":null,"transform":{},"duration":12},{"curve":[0,0,0.5,1],"transform":{"y":274.4243,"skX":71.0386,"x":270.0951,"skY":71.0386},"duration":13},{"tweenEasing":null,"transform":{"y":-345.9367,"skX":71.0386,"x":270.0951,"skY":71.0386},"duration":7},{"curve":[0.5,0,1,1],"transform":{"y":-345.9367,"skX":71.0386,"x":270.0951,"skY":71.0386},"duration":9},{"tweenEasing":null,"transform":{"y":-397.4678,"skX":2.5773,"x":209.1805,"skY":2.5773},"duration":16},{"tweenEasing":null,"transform":{"y":-397.4678,"skX":2.5773,"x":209.1805,"skY":2.5773},"duration":33},{"tweenEasing":null,"transform":{"y":-397.4678,"skX":2.5773,"x":209.1805,"skY":2.5773},"duration":0}],"name":"left1"},{"frame":[{"tweenEasing":null,"transform":{},"duration":12},{"curve":[0,0,0.5,1],"transform":{"y":307.4506,"skX":71.9069,"x":271.1996,"skY":71.9069},"duration":13},{"tweenEasing":null,"transform":{"y":-312.9104,"skX":71.9069,"x":271.1996,"skY":71.9069},"duration":7},{"curve":[0.5,0,1,1],"transform":{"y":-312.9104,"skX":71.9069,"x":271.1996,"skY":71.9069},"duration":9},{"tweenEasing":null,"transform":{"y":-397.2838,"skX":13.1773,"x":219.7467,"skY":13.1773},"duration":16},{"tweenEasing":null,"transform":{"y":-397.2838,"skX":13.1773,"x":219.7467,"skY":13.1773},"duration":33},{"tweenEasing":null,"transform":{"y":-397.2838,"skX":13.1773,"x":219.7467,"skY":13.1773},"duration":0}],"name":"lefthook"},{"frame":[{"tweenEasing":null,"transform":{},"duration":12},{"curve":[0,0,0.5,1],"transform":{"y":407.1367,"skX":-30.6954,"x":-34.4581,"skY":-30.6954},"duration":13},{"tweenEasing":null,"transform":{"y":-213.2243,"skX":-30.6954,"x":-34.4581,"skY":-30.6954},"duration":7},{"curve":[0.5,0,1,1],"transform":{"y":-213.2243,"skX":-30.6954,"x":-34.4581,"skY":-30.6954},"duration":9},{"tweenEasing":null,"transform":{"y":-213.2243,"skX":-10.4131,"x":-34.4581,"skY":-10.4131},"duration":16},{"tweenEasing":null,"transform":{"y":-213.2243,"skX":-10.4131,"x":-34.4581,"skY":-10.4131},"duration":33},{"tweenEasing":null,"transform":{"y":-213.2243,"skX":-10.4131,"x":-34.4581,"skY":-10.4131},"duration":0}],"name":"right10"},{"frame":[{"tweenEasing":null,"transform":{},"duration":12},{"curve":[0,0,0.5,1],"transform":{"y":262.9286,"skX":-29.9325,"x":-225.1856,"skY":-29.9325},"duration":13},{"tweenEasing":null,"transform":{"y":-357.4324,"skX":-30.2439,"x":-225.1856,"skY":-30.2439},"duration":7},{"curve":[0.5,0,1,1],"transform":{"y":-357.4324,"skX":-30.3186,"x":-225.1856,"skY":-30.3186},"duration":9},{"tweenEasing":null,"transform":{"y":-413.7334,"skX":-9.7251,"x":-159.501,"skY":-9.7251},"duration":16},{"tweenEasing":null,"transform":{"y":-413.7334,"skX":-9.7251,"x":-159.501,"skY":-9.7251},"duration":33},{"tweenEasing":null,"transform":{"y":-413.7334,"skX":-9.7251,"x":-159.501,"skY":-9.7251},"duration":0}],"name":"right9"},{"frame":[{"tweenEasing":null,"transform":{},"duration":12},{"curve":[0,0,0.5,1],"transform":{"y":262.9286,"skX":-38.0221,"x":-225.1856,"skY":-38.0221},"duration":13},{"tweenEasing":null,"transform":{"y":-357.4324,"skX":-38.3335,"x":-225.1856,"skY":-38.3335},"duration":7},{"curve":[0.5,0,1,1],"transform":{"y":-357.4324,"skX":-38.4082,"x":-225.1856,"skY":-38.4082},"duration":9},{"tweenEasing":null,"transform":{"y":-413.7334,"skX":-10.5198,"x":-159.501,"skY":-10.5198},"duration":16},{"tweenEasing":null,"transform":{"y":-413.7334,"skX":-10.5198,"x":-159.501,"skY":-10.5198},"duration":33},{"tweenEasing":null,"transform":{"y":-413.7334,"skX":-10.5198,"x":-159.501,"skY":-10.5198},"duration":0}],"name":"right8"},{"frame":[{"tweenEasing":null,"transform":{},"duration":12},{"curve":[0,0,0.5,1],"transform":{"y":262.9286,"skX":-45.1276,"x":-225.1856,"skY":-45.1276},"duration":13},{"tweenEasing":null,"transform":{"y":-357.4324,"skX":-45.4389,"x":-225.1856,"skY":-45.4389},"duration":7},{"curve":[0.5,0,1,1],"transform":{"y":-357.4324,"skX":-45.5136,"x":-225.1856,"skY":-45.5136},"duration":9},{"tweenEasing":null,"transform":{"y":-413.7334,"skX":-9.5632,"x":-159.501,"skY":-9.5632},"duration":16},{"tweenEasing":null,"transform":{"y":-413.7334,"skX":-9.5632,"x":-159.501,"skY":-9.5632},"duration":33},{"tweenEasing":null,"transform":{"y":-413.7334,"skX":-9.5632,"x":-159.501,"skY":-9.5632},"duration":0}],"name":"righ7"},{"frame":[{"tweenEasing":null,"transform":{},"duration":12},{"curve":[0,0,0.5,1],"transform":{"y":262.9286,"skX":-50.4955,"x":-225.1856,"skY":-50.4955},"duration":13},{"tweenEasing":null,"transform":{"y":-357.4324,"skX":-50.8068,"x":-225.1856,"skY":-50.8068},"duration":7},{"curve":[0.5,0,1,1],"transform":{"y":-357.4324,"skX":-50.8815,"x":-225.1856,"skY":-50.8815},"duration":9},{"tweenEasing":null,"transform":{"y":-413.7334,"skX":-10.4958,"x":-159.501,"skY":-10.4958},"duration":16},{"tweenEasing":null,"transform":{"y":-413.7334,"skX":-10.4958,"x":-159.501,"skY":-10.4958},"duration":33},{"tweenEasing":null,"transform":{"y":-413.7334,"skX":-10.4958,"x":-159.501,"skY":-10.4958},"duration":0}],"name":"right6"},{"frame":[{"tweenEasing":null,"transform":{},"duration":12},{"curve":[0,0,0.5,1],"transform":{"y":262.9286,"skX":-52.0627,"x":-225.1856,"skY":-52.0627},"duration":13},{"tweenEasing":null,"transform":{"y":-357.4324,"skX":-52.3741,"x":-225.1856,"skY":-52.3741},"duration":7},{"curve":[0.5,0,1,1],"transform":{"y":-357.4324,"skX":-52.4488,"x":-225.1856,"skY":-52.4488},"duration":9},{"tweenEasing":null,"transform":{"y":-413.7334,"skX":-8.3285,"x":-159.501,"skY":-8.3285},"duration":16},{"tweenEasing":null,"transform":{"y":-413.7334,"skX":-8.3285,"x":-159.501,"skY":-8.3285},"duration":33},{"tweenEasing":null,"transform":{"y":-413.7334,"skX":-8.3285,"x":-159.501,"skY":-8.3285},"duration":0}],"name":"right5"},{"frame":[{"tweenEasing":null,"transform":{},"duration":12},{"curve":[0,0,0.5,1],"transform":{"y":262.9286,"skX":-54.9911,"x":-225.1856,"skY":-54.9911},"duration":13},{"tweenEasing":null,"transform":{"y":-357.4324,"skX":-55.3025,"x":-225.1856,"skY":-55.3025},"duration":7},{"curve":[0.5,0,1,1],"transform":{"y":-357.4324,"skX":-55.3772,"x":-225.1856,"skY":-55.3772},"duration":9},{"tweenEasing":null,"transform":{"y":-413.7334,"skX":-7.6314,"x":-159.501,"skY":-7.6314},"duration":16},{"tweenEasing":null,"transform":{"y":-413.7334,"skX":-7.6314,"x":-159.501,"skY":-7.6314},"duration":33},{"tweenEasing":null,"transform":{"y":-413.7334,"skX":-7.6314,"x":-159.501,"skY":-7.6314},"duration":0}],"name":"right4"},{"frame":[{"tweenEasing":null,"transform":{},"duration":12},{"curve":[0,0,0.5,1],"transform":{"y":262.9286,"skX":-61.9259,"x":-225.1856,"skY":-61.9259},"duration":13},{"tweenEasing":null,"transform":{"y":-357.4324,"skX":-62.2372,"x":-225.1856,"skY":-62.2372},"duration":7},{"curve":[0.5,0,1,1],"transform":{"y":-357.4324,"skX":-62.3119,"x":-225.1856,"skY":-62.3119},"duration":9},{"tweenEasing":null,"transform":{"y":-413.7334,"skX":-6.0696,"x":-159.501,"skY":-6.0696},"duration":16},{"tweenEasing":null,"transform":{"y":-413.7334,"skX":-6.0696,"x":-159.501,"skY":-6.0696},"duration":33},{"tweenEasing":null,"transform":{"y":-413.7334,"skX":-6.0696,"x":-159.501,"skY":-6.0696},"duration":0}],"name":"right3"},{"frame":[{"tweenEasing":null,"transform":{},"duration":12},{"curve":[0,0,0.5,1],"transform":{"y":262.9286,"skX":-66.3688,"x":-225.1856,"skY":-66.3688},"duration":13},{"tweenEasing":null,"transform":{"y":-357.4324,"skX":-66.6802,"x":-225.1856,"skY":-66.6802},"duration":7},{"curve":[0.5,0,1,1],"transform":{"y":-357.4324,"skX":-66.7549,"x":-225.1856,"skY":-66.7549},"duration":9},{"tweenEasing":null,"transform":{"y":-413.7334,"skX":-6.928,"x":-159.501,"skY":-6.928},"duration":16},{"tweenEasing":null,"transform":{"y":-413.7334,"skX":-6.928,"x":-159.501,"skY":-6.928},"duration":33},{"tweenEasing":null,"transform":{"y":-413.7334,"skX":-6.928,"x":-159.501,"skY":-6.928},"duration":0}],"name":"right2"},{"frame":[{"tweenEasing":null,"transform":{},"duration":12},{"curve":[0,0,0.5,1],"transform":{"y":262.9286,"skX":-69.7372,"x":-225.1856,"skY":-69.7372},"duration":13},{"tweenEasing":null,"transform":{"y":-357.4324,"skX":-70.0486,"x":-225.1856,"skY":-70.0486},"duration":7},{"curve":[0.5,0,1,1],"transform":{"y":-357.4324,"skX":-70.1233,"x":-225.1856,"skY":-70.1233},"duration":9},{"tweenEasing":null,"transform":{"y":-413.7334,"skX":-5.89,"x":-159.501,"skY":-5.89},"duration":16},{"tweenEasing":null,"transform":{"y":-413.7334,"skX":-5.89,"x":-159.501,"skY":-5.89},"duration":33},{"tweenEasing":null,"transform":{"y":-413.7334,"skX":-5.89,"x":-159.501,"skY":-5.89},"duration":0}],"name":"right1"},{"frame":[{"tweenEasing":null,"transform":{},"duration":12},{"curve":[0,0,0.5,1],"transform":{"y":314.0815,"skX":-81.6682,"x":-223.2767,"skY":-81.6682},"duration":13},{"tweenEasing":null,"transform":{"y":-306.2795,"skX":-81.6682,"x":-223.2767,"skY":-81.6682},"duration":7},{"curve":[0.5,0,1,1],"transform":{"y":-306.2795,"skX":-81.6682,"x":-223.2767,"skY":-81.6682},"duration":9},{"tweenEasing":null,"transform":{"y":-402.375,"skX":2.7738,"x":-174.8681,"skY":2.7738},"duration":16},{"tweenEasing":null,"transform":{"y":-402.375,"skX":2.7738,"x":-174.8681,"skY":2.7738},"duration":33},{"tweenEasing":null,"transform":{"y":-402.375,"skX":2.7738,"x":-174.8681,"skY":2.7738},"duration":0}],"name":"righthook"},{"frame":[{"tweenEasing":null,"transform":{},"duration":12},{"curve":[0,0,0.5,1],"transform":{"y":388.6331,"x":80.828},"duration":13},{"tweenEasing":null,"transform":{"y":-231.6277,"x":81.5693},"duration":32},{"tweenEasing":null,"transform":{"y":-231.6277,"x":81.5693},"duration":33},{"tweenEasing":null,"transform":{"y":-231.6277,"x":81.5693},"duration":0}],"name":"lefthand"},{"frame":[{"tweenEasing":null,"transform":{},"duration":12},{"curve":[0,0,0.5,1],"transform":{"y":388.1546,"x":-63.6931},"duration":13},{"tweenEasing":null,"transform":{"y":-231.6205,"x":-64.1789},"duration":32},{"tweenEasing":null,"transform":{"y":-231.6205,"x":-64.1789},"duration":33},{"tweenEasing":null,"transform":{"y":-231.6205,"x":-64.1789},"duration":0}],"name":"righthand"},{"frame":[{"tweenEasing":null,"transform":{},"duration":12},{"curve":[0,0,0.5,1],"transform":{"y":584.0507,"x":71.0462},"duration":13},{"tweenEasing":null,"transform":{"y":-42.3647,"x":70.1749},"duration":7},{"tweenEasing":null,"transform":{"y":-45.0114,"x":69.2927},"duration":25},{"tweenEasing":null,"transform":{"y":-45.0114,"x":69.2927},"duration":33},{"tweenEasing":null,"transform":{"y":-45.0114,"x":69.2927},"duration":0}],"name":"leftfoot"},{"frame":[{"tweenEasing":null,"transform":{},"duration":25},{"tweenEasing":null,"transform":{"y":-229.2869,"x":81.7131},"duration":32},{"tweenEasing":null,"transform":{"y":-229.2869,"x":81.7131},"duration":33},{"tweenEasing":null,"transform":{"y":-229.2869,"x":81.7131},"duration":0}],"name":"lefthand1"},{"frame":[{"tweenEasing":null,"transform":{},"duration":25},{"tweenEasing":null,"transform":{"y":-233.0126,"x":-64.7277},"duration":32},{"tweenEasing":null,"transform":{"y":-233.0126,"x":-64.7277},"duration":33},{"tweenEasing":null,"transform":{"y":-233.0126,"x":-64.7277},"duration":0}],"name":"righthand1"},{"frame":[{"tweenEasing":null,"transform":{},"duration":32},{"tweenEasing":null,"transform":{"y":-37.096,"skX":11.3968,"x":68.4061,"skY":11.3968},"duration":25},{"tweenEasing":null,"transform":{"y":-37.096,"skX":11.3968,"x":68.4061,"skY":11.3968},"duration":33},{"tweenEasing":null,"transform":{"y":-37.096,"skX":11.3968,"x":68.4061,"skY":11.3968},"duration":0}],"name":"leftfoot1"},{"frame":[{"tweenEasing":null,"transform":{},"duration":41},{"curve":[0,0,0,1.004],"transform":{"y":-178.74,"x":590.095},"duration":6},{"tweenEasing":null,"transform":{"y":-178.74,"x":-28.6395},"duration":10},{"tweenEasing":null,"transform":{"y":-178.74,"x":-28.6395},"duration":33},{"tweenEasing":null,"transform":{"y":-178.74,"x":-28.6395},"duration":0}],"name":"title"},{"frame":[{"tweenEasing":null,"transform":{},"duration":41},{"curve":[0,0,0,1.01],"transform":{"y":-139.016,"x":-430.7543},"duration":6},{"tweenEasing":null,"transform":{"y":-139.016,"x":-122.3205},"duration":10},{"tweenEasing":null,"transform":{"y":-139.016,"x":-122.3205},"duration":33},{"tweenEasing":null,"transform":{"y":-139.016,"x":-122.3205},"duration":0}],"name":"subtitle"},{"frame":[{"tweenEasing":null,"transform":{},"duration":44},{"curve":[0,0,0,0.994],"transform":{"y":202.3548,"x":-0.3229},"duration":3},{"tweenEasing":null,"transform":{"y":202.3548,"x":-0.3229},"duration":10},{"tweenEasing":null,"transform":{"y":202.3548,"x":-0.3229},"duration":33},{"tweenEasing":null,"transform":{"y":202.3548,"x":-0.3229},"duration":0}],"name":"bottom"},{"frame":[{"tweenEasing":null,"transform":{},"duration":47},{"curve":[0,0,0,0.994],"transform":{"y":158.5776,"x":-53.0027},"duration":10},{"tweenEasing":null,"transform":{"y":204.9018,"x":-53.0027},"duration":33},{"tweenEasing":null,"transform":{"y":204.9018,"x":-53.0027},"duration":0}],"name":"copyrights"},{"frame":[{"tweenEasing":null,"transform":{},"duration":26},{"tweenEasing":null,"transform":{"y":-60.9477,"x":74.3529},"duration":2},{"tweenEasing":null,"transform":{"y":-60.9477,"x":74.3529},"duration":2},{"tweenEasing":null,"transform":{"y":-60.9477,"x":74.3529},"duration":2},{"tweenEasing":null,"transform":{"y":-60.9477,"x":74.3529},"duration":58}],"name":"scratch1"},{"frame":[{"tweenEasing":null,"transform":{},"duration":26},{"tweenEasing":null,"transform":{"y":122.5289,"x":-220.5571},"duration":2},{"tweenEasing":null,"transform":{"y":122.5289,"x":-220.5571},"duration":2},{"tweenEasing":null,"transform":{"y":122.5289,"x":-220.5571},"duration":2},{"tweenEasing":null,"transform":{"y":122.5289,"x":-220.5571},"duration":58}],"name":"Scratch2"}],"slot":[{"name":"lefthook","frame":[{"displayIndex":-1,"tweenEasing":null,"duration":12,"color":{}},{"tweenEasing":0,"duration":13,"color":{}},{"tweenEasing":null,"duration":7,"color":{}},{"tweenEasing":0,"duration":9,"color":{}},{"tweenEasing":null,"duration":16,"color":{}},{"tweenEasing":null,"duration":33,"color":{}},{"tweenEasing":null,"duration":0,"color":{}}]},{"name":"left10","frame":[{"displayIndex":-1,"tweenEasing":null,"duration":12,"color":{}},{"tweenEasing":0,"duration":13,"color":{}},{"tweenEasing":null,"duration":7,"color":{}},{"tweenEasing":0,"duration":9,"color":{}},{"tweenEasing":null,"duration":16,"color":{}},{"tweenEasing":null,"duration":33,"color":{}},{"tweenEasing":null,"duration":0,"color":{}}]},{"name":"left9","frame":[{"displayIndex":-1,"tweenEasing":null,"duration":12,"color":{}},{"tweenEasing":0,"duration":13,"color":{}},{"tweenEasing":null,"duration":7,"color":{}},{"tweenEasing":0,"duration":9,"color":{}},{"tweenEasing":null,"duration":16,"color":{}},{"tweenEasing":null,"duration":33,"color":{}},{"tweenEasing":null,"duration":0,"color":{}}]},{"name":"left8","frame":[{"displayIndex":-1,"tweenEasing":null,"duration":12,"color":{}},{"tweenEasing":0,"duration":13,"color":{}},{"tweenEasing":null,"duration":7,"color":{}},{"tweenEasing":0,"duration":9,"color":{}},{"tweenEasing":null,"duration":16,"color":{}},{"tweenEasing":null,"duration":33,"color":{}},{"tweenEasing":null,"duration":0,"color":{}}]},{"name":"left7","frame":[{"displayIndex":-1,"tweenEasing":null,"duration":12,"color":{}},{"tweenEasing":0,"duration":13,"color":{}},{"tweenEasing":null,"duration":7,"color":{}},{"tweenEasing":0,"duration":9,"color":{}},{"tweenEasing":null,"duration":16,"color":{}},{"tweenEasing":null,"duration":33,"color":{}},{"tweenEasing":null,"duration":0,"color":{}}]},{"name":"left6","frame":[{"displayIndex":-1,"tweenEasing":null,"duration":12,"color":{}},{"tweenEasing":0,"duration":13,"color":{}},{"tweenEasing":null,"duration":7,"color":{}},{"tweenEasing":0,"duration":9,"color":{}},{"tweenEasing":null,"duration":16,"color":{}},{"tweenEasing":null,"duration":33,"color":{}},{"tweenEasing":null,"duration":0,"color":{}}]},{"name":"left5","frame":[{"displayIndex":-1,"tweenEasing":null,"duration":12,"color":{}},{"tweenEasing":0,"duration":13,"color":{}},{"tweenEasing":null,"duration":7,"color":{}},{"tweenEasing":0,"duration":9,"color":{}},{"tweenEasing":null,"duration":16,"color":{}},{"tweenEasing":null,"duration":33,"color":{}},{"tweenEasing":null,"duration":0,"color":{}}]},{"name":"left4","frame":[{"displayIndex":-1,"tweenEasing":null,"duration":12,"color":{}},{"tweenEasing":0,"duration":13,"color":{}},{"tweenEasing":null,"duration":7,"color":{}},{"tweenEasing":0,"duration":9,"color":{}},{"tweenEasing":null,"duration":16,"color":{}},{"tweenEasing":null,"duration":33,"color":{}},{"tweenEasing":null,"duration":0,"color":{}}]},{"name":"left3","frame":[{"displayIndex":-1,"tweenEasing":null,"duration":12,"color":{}},{"tweenEasing":0,"duration":13,"color":{}},{"tweenEasing":null,"duration":7,"color":{}},{"tweenEasing":0,"duration":9,"color":{}},{"tweenEasing":null,"duration":16,"color":{}},{"tweenEasing":null,"duration":33,"color":{}},{"tweenEasing":null,"duration":0,"color":{}}]},{"name":"left2","frame":[{"displayIndex":-1,"tweenEasing":null,"duration":12,"color":{}},{"tweenEasing":0,"duration":13,"color":{}},{"tweenEasing":null,"duration":7,"color":{}},{"tweenEasing":0,"duration":9,"color":{}},{"tweenEasing":null,"duration":16,"color":{}},{"tweenEasing":null,"duration":33,"color":{}},{"tweenEasing":null,"duration":0,"color":{}}]},{"name":"left1","frame":[{"displayIndex":-1,"tweenEasing":null,"duration":12,"color":{}},{"tweenEasing":0,"duration":13,"color":{}},{"tweenEasing":null,"duration":7,"color":{}},{"tweenEasing":0,"duration":9,"color":{}},{"tweenEasing":null,"duration":16,"color":{}},{"tweenEasing":null,"duration":33,"color":{}},{"tweenEasing":null,"duration":0,"color":{}}]},{"name":"righthook","frame":[{"displayIndex":-1,"tweenEasing":null,"duration":12,"color":{}},{"tweenEasing":0,"duration":13,"color":{}},{"tweenEasing":null,"duration":7,"color":{}},{"tweenEasing":0,"duration":9,"color":{}},{"tweenEasing":null,"duration":16,"color":{}},{"tweenEasing":null,"duration":33,"color":{}},{"tweenEasing":null,"duration":0,"color":{}}]},{"name":"right10","frame":[{"displayIndex":-1,"tweenEasing":null,"duration":12,"color":{}},{"tweenEasing":0,"duration":13,"color":{}},{"tweenEasing":null,"duration":7,"color":{}},{"tweenEasing":0,"duration":9,"color":{}},{"tweenEasing":null,"duration":16,"color":{}},{"tweenEasing":null,"duration":33,"color":{}},{"tweenEasing":null,"duration":0,"color":{}}]},{"name":"right9","frame":[{"displayIndex":-1,"tweenEasing":null,"duration":12,"color":{}},{"tweenEasing":0,"duration":13,"color":{}},{"tweenEasing":null,"duration":7,"color":{}},{"tweenEasing":0,"duration":9,"color":{}},{"tweenEasing":null,"duration":16,"color":{}},{"tweenEasing":null,"duration":33,"color":{}},{"tweenEasing":null,"duration":0,"color":{}}]},{"name":"right8","frame":[{"displayIndex":-1,"tweenEasing":null,"duration":12,"color":{}},{"tweenEasing":0,"duration":13,"color":{}},{"tweenEasing":null,"duration":7,"color":{}},{"tweenEasing":0,"duration":9,"color":{}},{"tweenEasing":null,"duration":16,"color":{}},{"tweenEasing":null,"duration":33,"color":{}},{"tweenEasing":null,"duration":0,"color":{}}]},{"name":"righ7","frame":[{"displayIndex":-1,"tweenEasing":null,"duration":12,"color":{}},{"tweenEasing":0,"duration":13,"color":{}},{"tweenEasing":null,"duration":7,"color":{}},{"tweenEasing":0,"duration":9,"color":{}},{"tweenEasing":null,"duration":16,"color":{}},{"tweenEasing":null,"duration":33,"color":{}},{"tweenEasing":null,"duration":0,"color":{}}]},{"name":"right6","frame":[{"displayIndex":-1,"tweenEasing":null,"duration":12,"color":{}},{"tweenEasing":0,"duration":13,"color":{}},{"tweenEasing":null,"duration":7,"color":{}},{"tweenEasing":0,"duration":9,"color":{}},{"tweenEasing":null,"duration":16,"color":{}},{"tweenEasing":null,"duration":33,"color":{}},{"tweenEasing":null,"duration":0,"color":{}}]},{"name":"right5","frame":[{"displayIndex":-1,"tweenEasing":null,"duration":12,"color":{}},{"tweenEasing":0,"duration":13,"color":{}},{"tweenEasing":null,"duration":7,"color":{}},{"tweenEasing":0,"duration":9,"color":{}},{"tweenEasing":null,"duration":16,"color":{}},{"tweenEasing":null,"duration":33,"color":{}},{"tweenEasing":null,"duration":0,"color":{}}]},{"name":"right4","frame":[{"displayIndex":-1,"tweenEasing":null,"duration":12,"color":{}},{"tweenEasing":0,"duration":13,"color":{}},{"tweenEasing":null,"duration":7,"color":{}},{"tweenEasing":0,"duration":9,"color":{}},{"tweenEasing":null,"duration":16,"color":{}},{"tweenEasing":null,"duration":33,"color":{}},{"tweenEasing":null,"duration":0,"color":{}}]},{"name":"right3","frame":[{"displayIndex":-1,"tweenEasing":null,"duration":12,"color":{}},{"tweenEasing":0,"duration":13,"color":{}},{"tweenEasing":null,"duration":7,"color":{}},{"tweenEasing":0,"duration":9,"color":{}},{"tweenEasing":null,"duration":16,"color":{}},{"tweenEasing":null,"duration":33,"color":{}},{"tweenEasing":null,"duration":0,"color":{}}]},{"name":"right2","frame":[{"displayIndex":-1,"tweenEasing":null,"duration":12,"color":{}},{"tweenEasing":0,"duration":13,"color":{}},{"tweenEasing":null,"duration":7,"color":{}},{"tweenEasing":0,"duration":9,"color":{}},{"tweenEasing":null,"duration":16,"color":{}},{"tweenEasing":null,"duration":33,"color":{}},{"tweenEasing":null,"duration":0,"color":{}}]},{"name":"right1","frame":[{"displayIndex":-1,"tweenEasing":null,"duration":12,"color":{}},{"tweenEasing":0,"duration":13,"color":{}},{"tweenEasing":null,"duration":7,"color":{}},{"tweenEasing":0,"duration":9,"color":{}},{"tweenEasing":null,"duration":16,"color":{}},{"tweenEasing":null,"duration":33,"color":{}},{"tweenEasing":null,"duration":0,"color":{}}]},{"name":"body","frame":[{"displayIndex":-1,"tweenEasing":null,"duration":12,"color":{}},{"tweenEasing":0,"duration":13,"color":{}},{"tweenEasing":null,"duration":32,"color":{}},{"tweenEasing":null,"duration":33,"color":{}},{"tweenEasing":null,"duration":0,"color":{}}]},{"name":"lefthand","frame":[{"displayIndex":-1,"tweenEasing":null,"duration":12,"color":{}},{"tweenEasing":0,"duration":13,"color":{}},{"tweenEasing":null,"duration":32,"color":{"aM":0}},{"tweenEasing":null,"duration":33,"color":{"aM":0}},{"tweenEasing":null,"duration":0,"color":{"aM":0}}]},{"name":"righthand","frame":[{"displayIndex":-1,"tweenEasing":null,"duration":12,"color":{}},{"tweenEasing":0,"duration":13,"color":{}},{"tweenEasing":null,"duration":32,"color":{"aM":0}},{"tweenEasing":null,"duration":33,"color":{"aM":0}},{"tweenEasing":null,"duration":0,"color":{"aM":0}}]},{"name":"leftfoot","frame":[{"displayIndex":-1,"tweenEasing":null,"duration":12,"color":{}},{"tweenEasing":0,"duration":13,"color":{}},{"tweenEasing":null,"duration":7,"color":{"aM":0}},{"tweenEasing":null,"duration":25,"color":{"aM":0}},{"tweenEasing":null,"duration":33,"color":{"aM":0}},{"tweenEasing":null,"duration":0,"color":{"aM":0}}]},{"name":"board1","frame":[{"tweenEasing":0,"duration":25,"color":{"aM":0}},{"tweenEasing":null,"duration":7,"color":{}},{"displayIndex":1,"tweenEasing":null,"duration":25,"color":{}},{"displayIndex":1,"tweenEasing":null,"duration":33,"color":{}},{"displayIndex":1,"tweenEasing":null,"duration":0,"color":{}}]},{"name":"lefthand1","frame":[{"displayIndex":-1,"tweenEasing":null,"duration":25,"color":{}},{"tweenEasing":null,"duration":32,"color":{}},{"tweenEasing":null,"duration":33,"color":{}},{"tweenEasing":null,"duration":0,"color":{}}]},{"name":"righthand1","frame":[{"displayIndex":-1,"tweenEasing":null,"duration":25,"color":{}},{"tweenEasing":null,"duration":32,"color":{}},{"tweenEasing":null,"duration":33,"color":{}},{"tweenEasing":null,"duration":0,"color":{}}]},{"name":"leftfoot1","frame":[{"displayIndex":-1,"tweenEasing":null,"duration":32,"color":{}},{"tweenEasing":null,"duration":25,"color":{}},{"tweenEasing":null,"duration":33,"color":{}},{"tweenEasing":null,"duration":0,"color":{}}]},{"name":"title","frame":[{"displayIndex":-1,"tweenEasing":null,"duration":41,"color":{}},{"tweenEasing":0,"duration":6,"color":{"aM":0}},{"tweenEasing":null,"duration":10,"color":{}},{"tweenEasing":null,"duration":33,"color":{}},{"tweenEasing":null,"duration":0,"color":{}}]},{"name":"subtitle","frame":[{"displayIndex":-1,"tweenEasing":null,"duration":41,"color":{}},{"tweenEasing":0,"duration":6,"color":{"aM":0}},{"tweenEasing":null,"duration":10,"color":{}},{"tweenEasing":null,"duration":33,"color":{}},{"tweenEasing":null,"duration":0,"color":{}}]},{"name":"bottom","frame":[{"displayIndex":-1,"tweenEasing":null,"duration":44,"color":{}},{"tweenEasing":0,"duration":3,"color":{"aM":0}},{"tweenEasing":null,"duration":10,"color":{}},{"tweenEasing":null,"duration":33,"color":{}},{"tweenEasing":null,"duration":0,"color":{}}]},{"name":"copyrights","frame":[{"displayIndex":-1,"tweenEasing":null,"duration":47,"color":{}},{"tweenEasing":0,"duration":10,"color":{"aM":0}},{"tweenEasing":null,"duration":33,"color":{}},{"tweenEasing":null,"duration":0,"color":{}}]},{"name":"scratch1","frame":[{"displayIndex":-1,"tweenEasing":null,"duration":26,"color":{}},{"tweenEasing":null,"duration":2,"color":{}},{"tweenEasing":null,"duration":2,"color":{"aM":0}},{"tweenEasing":null,"duration":2,"color":{}},{"tweenEasing":null,"duration":58,"color":{"aM":0}}]},{"name":"Scratch2","frame":[{"displayIndex":-1,"tweenEasing":null,"duration":26,"color":{}},{"tweenEasing":null,"duration":2,"color":{}},{"tweenEasing":null,"duration":2,"color":{"aM":0}},{"tweenEasing":null,"duration":2,"color":{}},{"tweenEasing":null,"duration":58,"color":{"aM":0}}]}],"name":"newAnimation"}],"bone":[{"name":"root","transform":{}},{"transform":{},"name":"body","parent":"root"},{"transform":{},"name":"board1","parent":"root"},{"transform":{},"name":"left10","parent":"root"},{"transform":{},"name":"left9","parent":"root"},{"transform":{},"name":"left8","parent":"root"},{"transform":{},"name":"left7","parent":"root"},{"transform":{},"name":"left6","parent":"root"},{"transform":{},"name":"left5","parent":"root"},{"transform":{},"name":"left4","parent":"root"},{"transform":{},"name":"left3","parent":"root"},{"transform":{},"name":"left2","parent":"root"},{"transform":{},"name":"left1","parent":"root"},{"transform":{},"name":"lefthook","parent":"root"},{"transform":{},"name":"right10","parent":"root"},{"transform":{},"name":"right9","parent":"root"},{"transform":{},"name":"right8","parent":"root"},{"transform":{},"name":"righ7","parent":"root"},{"transform":{},"name":"right6","parent":"root"},{"transform":{},"name":"right5","parent":"root"},{"transform":{},"name":"right4","parent":"root"},{"transform":{},"name":"right3","parent":"root"},{"transform":{},"name":"right2","parent":"root"},{"transform":{},"name":"right1","parent":"root"},{"transform":{},"name":"righthook","parent":"root"},{"transform":{},"name":"lefthand","parent":"root"},{"transform":{},"name":"righthand","parent":"root"},{"transform":{},"name":"leftfoot","parent":"root"},{"transform":{},"name":"lefthand1","parent":"root"},{"transform":{},"name":"righthand1","parent":"root"},{"transform":{},"name":"leftfoot1","parent":"root"},{"transform":{},"name":"title","parent":"root"},{"transform":{},"name":"subtitle","parent":"root"},{"transform":{},"name":"bottom","parent":"root"},{"transform":{},"name":"copyrights","parent":"root"},{"transform":{},"name":"scratch1","parent":"root"},{"transform":{},"name":"Scratch2","parent":"root"}],"defaultActions":[{"gotoAndPlay":"newAnimation"}],"slot":[{"displayIndex":-1,"name":"lefthook","parent":"lefthook"},{"z":1,"displayIndex":-1,"name":"left10","parent":"left10"},{"z":2,"displayIndex":-1,"name":"left9","parent":"left9"},{"z":3,"displayIndex":-1,"name":"left8","parent":"left8"},{"z":4,"displayIndex":-1,"name":"left7","parent":"left7"},{"z":5,"displayIndex":-1,"name":"left6","parent":"left6"},{"z":6,"displayIndex":-1,"name":"left5","parent":"left5"},{"z":7,"displayIndex":-1,"name":"left4","parent":"left4"},{"z":8,"displayIndex":-1,"name":"left3","parent":"left3"},{"z":9,"displayIndex":-1,"name":"left2","parent":"left2"},{"z":10,"displayIndex":-1,"name":"left1","parent":"left1"},{"z":11,"displayIndex":-1,"name":"righthook","parent":"righthook"},{"z":12,"displayIndex":-1,"name":"right10","parent":"right10"},{"z":13,"displayIndex":-1,"name":"right9","parent":"right9"},{"z":14,"displayIndex":-1,"name":"right8","parent":"right8"},{"z":15,"displayIndex":-1,"name":"righ7","parent":"righ7"},{"z":16,"displayIndex":-1,"name":"right6","parent":"right6"},{"z":17,"displayIndex":-1,"name":"right5","parent":"right5"},{"z":18,"displayIndex":-1,"name":"right4","parent":"right4"},{"z":19,"displayIndex":-1,"name":"right3","parent":"right3"},{"z":20,"displayIndex":-1,"name":"right2","parent":"right2"},{"z":21,"displayIndex":-1,"name":"right1","parent":"right1"},{"z":22,"displayIndex":-1,"name":"body","parent":"body"},{"z":23,"displayIndex":-1,"name":"lefthand","parent":"lefthand"},{"z":24,"displayIndex":-1,"name":"righthand","parent":"righthand"},{"z":25,"displayIndex":-1,"name":"leftfoot","parent":"leftfoot"},{"z":26,"displayIndex":-1,"name":"board1","parent":"board1"},{"z":27,"displayIndex":-1,"name":"lefthand1","parent":"lefthand1"},{"z":28,"displayIndex":-1,"name":"righthand1","parent":"righthand1"},{"z":29,"displayIndex":-1,"name":"leftfoot1","parent":"leftfoot1"},{"z":30,"displayIndex":-1,"name":"title","parent":"title"},{"z":31,"displayIndex":-1,"name":"subtitle","parent":"subtitle"},{"z":32,"displayIndex":-1,"name":"bottom","parent":"bottom"},{"z":33,"displayIndex":-1,"name":"copyrights","parent":"copyrights"},{"z":34,"displayIndex":-1,"name":"scratch1","parent":"scratch1"},{"z":35,"displayIndex":-1,"name":"Scratch2","parent":"Scratch2"}],"skin":[{"name":"","slot":[{"display":[{"type":"image","name":"lefthook","transform":{"y":-0.1065}}],"name":"lefthook"},{"display":[{"type":"image","name":"right8","transform":{"y":151.6455,"x":-2.1541}}],"name":"right8"},{"display":[{"type":"image","name":"subtitle","transform":{}}],"name":"subtitle"},{"display":[{"type":"image","name":"left10","transform":{"y":-93.7187,"x":60.892}}],"name":"left10"},{"display":[{"type":"image","name":"left2","transform":{"y":170.0136,"x":98.8706}}],"name":"left2"},{"display":[{"type":"image","name":"right6","transform":{"y":163.9236,"x":-39.0602}}],"name":"right6"},{"display":[{"type":"image","name":"right2","transform":{"y":173.8323,"x":-105.4051}}],"name":"right2"},{"display":[{"type":"image","name":"lefthand","transform":{}}],"name":"lefthand1"},{"display":[{"type":"image","name":"righ7","transform":{"y":151.7891,"x":-25.5615}}],"name":"righ7"},{"display":[{"type":"image","name":"body","transform":{}}],"name":"body"},{"display":[{"type":"image","name":"board1","transform":{}},{"type":"image","name":"board2","transform":{}}],"name":"board1"},{"display":[{"type":"image","name":"Scratch2","transform":{}}],"name":"Scratch2"},{"display":[{"type":"image","name":"left1","transform":{"y":237.2893,"x":107.5537}}],"name":"left1"},{"display":[{"type":"image","name":"left4","transform":{"y":179.6452,"x":68.0784}}],"name":"left4"},{"display":[{"type":"image","name":"righthook","transform":{}}],"name":"righthook"},{"display":[{"type":"image","name":"left9","transform":{"y":151.4799,"x":-25.4656}}],"name":"left9"},{"display":[{"type":"image","name":"bottom","transform":{}}],"name":"bottom"},{"display":[{"type":"image","name":"right9","transform":{"y":153.5124,"x":31.8082}}],"name":"right9"},{"display":[{"type":"image","name":"right1","transform":{"y":239.4592,"x":-110.144}}],"name":"right1"},{"display":[{"type":"image","name":"scratch1","transform":{}}],"name":"scratch1"},{"display":[{"type":"image","name":"right10","transform":{"y":-81.2449,"x":-52.7405}}],"name":"right10"},{"display":[{"type":"image","name":"left5","transform":{"y":178.1859,"x":40.7887}}],"name":"left5"},{"display":[{"type":"image","name":"left8","transform":{"y":146.737,"x":-0.8756}}],"name":"left8"},{"display":[{"type":"image","name":"copyrights","transform":{}},{"type":"image","name":"scratch1","transform":{}}],"name":"copyrights"},{"display":[{"type":"image","name":"right4","transform":{"y":176.2736,"x":-67.9964}}],"name":"right4"},{"display":[{"type":"image","name":"righthand","transform":{}}],"name":"righthand1"},{"display":[{"type":"image","name":"leftfoot","transform":{}}],"name":"leftfoot1"},{"display":[{"type":"image","name":"lefthand","transform":{}},{"type":"image","name":"body","transform":{}}],"name":"lefthand"},{"display":[{"type":"image","name":"right5","transform":{"y":177.566,"x":-49.6151}}],"name":"right5"},{"display":[{"type":"image","name":"title","transform":{}},{"type":"image","name":"scratch1","transform":{}}],"name":"title"},{"display":[{"type":"image","name":"left3","transform":{"y":161.6223,"x":79.0964}}],"name":"left3"},{"display":[{"type":"image","name":"leftfoot","transform":{}},{"type":"image","name":"body","transform":{}}],"name":"leftfoot"},{"display":[{"type":"image","name":"left7","transform":{"y":141.5564,"x":16.9284}}],"name":"left7"},{"display":[{"type":"image","name":"righthand","transform":{}},{"type":"image","name":"body","transform":{}}],"name":"righthand"},{"display":[{"type":"image","name":"left6","transform":{"y":158.7037,"x":33.7108}}],"name":"left6"},{"display":[{"type":"image","name":"right3","transform":{"y":162.2004,"x":-80.6335}}],"name":"right3"}]}],"name":"armature"}]}