{"imagePath":"texture.png","name":"DragonOpening","SubTexture":[{"x":1992,"y":644,"width":55,"name":"lefthook","height":66},{"x":1136,"y":707,"width":159,"name":"left10","height":303},{"x":1838,"y":378,"width":87,"name":"left9","height":325},{"x":1838,"y":705,"width":84,"name":"left8","height":314},{"x":1924,"y":705,"width":66,"name":"left7","height":314},{"x":1602,"y":1,"width":84,"name":"left6","height":337},{"x":1619,"y":364,"width":131,"name":"left5","height":378},{"x":1312,"y":364,"width":154,"name":"left4","height":377},{"x":707,"y":572,"width":174,"name":"left3","height":341},{"x":1136,"y":1,"width":214,"name":"left2","height":361},{"x":907,"y":1,"width":227,"name":"left1","height":493},{"x":1771,"y":717,"width":56,"name":"righthook","height":67},{"x":1352,"y":1,"width":138,"name":"right10","height":303},{"x":1492,"y":1,"width":108,"name":"right9","height":320},{"x":1866,"y":1,"width":84,"name":"right8","height":325},{"x":1927,"y":328,"width":65,"name":"righ7","height":314},{"x":1752,"y":378,"width":84,"name":"right6","height":337},{"x":1752,"y":1,"width":112,"name":"right5","height":375},{"x":1468,"y":364,"width":149,"name":"right4","height":368},{"x":1136,"y":364,"width":174,"name":"right3","height":341},{"x":490,"y":572,"width":215,"name":"right2","height":361},{"x":907,"y":496,"width":227,"name":"right1","height":492},{"x":490,"y":1,"width":415,"name":"body","height":569},{"x":1927,"y":644,"width":61,"name":"lefthand","height":48},{"x":1866,"y":328,"width":55,"name":"righthand","height":48},{"x":1992,"y":712,"width":47,"name":"leftfoot","height":36},{"x":1,"y":1,"width":487,"name":"board2","height":487},{"x":1,"y":490,"width":487,"name":"board1","height":487},{"x":490,"y":935,"width":323,"name":"title","height":42},{"x":815,"y":915,"width":56,"name":"scratch1","height":76},{"x":1352,"y":323,"width":129,"name":"subtitle","height":14},{"x":1297,"y":744,"width":472,"name":"bottom","height":67},{"x":1352,"y":340,"width":273,"name":"copyrights","height":13},{"x":1771,"y":786,"width":46,"name":"Scratch2","height":79}]}