{"version":"4.5","frameRate":24,"isGlobal":0,"name":"Dragon","armature":[{"frameRate":24,"ik":[],"aabb":{"x":-234.40908264561412,"y":-431.81395140042207,"width":693.2805749826739,"height":769.5863484320666},"type":"Armature","animation":[{"ffd":[],"playTimes":0,"frame":[],"duration":30,"bone":[{"frame":[{"tweenEasing":null,"transform":{},"duration":30}],"name":"root"},{"frame":[{"tweenEasing":0,"transform":{},"duration":30},{"tweenEasing":null,"transform":{},"duration":0}],"name":"body"},{"frame":[{"tweenEasing":0,"transform":{},"duration":30},{"tweenEasing":null,"transform":{},"duration":0}],"name":"legR"},{"frame":[{"tweenEasing":0,"transform":{},"duration":30},{"tweenEasing":null,"transform":{},"duration":0}],"name":"armUpperR"},{"frame":[{"tweenEasing":0,"transform":{},"duration":30},{"tweenEasing":null,"transform":{},"duration":0}],"name":"legL"},{"frame":[{"tweenEasing":0,"transform":{},"duration":30},{"tweenEasing":null,"transform":{},"duration":0}],"name":"head"},{"frame":[{"tweenEasing":0,"transform":{},"duration":30},{"tweenEasing":null,"transform":{},"duration":0}],"name":"armUpperL"},{"frame":[{"tweenEasing":0,"transform":{},"duration":8},{"tweenEasing":0,"transform":{"skX":4.95,"x":-4,"skY":4.95},"duration":22},{"tweenEasing":null,"transform":{},"duration":0}],"name":"tail"},{"frame":[{"tweenEasing":0,"transform":{},"duration":12},{"tweenEasing":0,"transform":{"y":-2,"x":-2},"duration":18},{"tweenEasing":null,"transform":{},"duration":0}],"name":"clothes"},{"frame":[{"tweenEasing":0,"transform":{},"duration":30},{"tweenEasing":null,"transform":{},"duration":0}],"name":"armL"},{"frame":[{"tweenEasing":0,"transform":{},"duration":8},{"tweenEasing":0,"transform":{"y":-2},"duration":22},{"tweenEasing":null,"transform":{},"duration":0}],"name":"eyeR"},{"frame":[{"tweenEasing":0,"transform":{},"duration":8},{"tweenEasing":0,"transform":{"y":-8.0574,"skX":-12.64,"x":5.1348,"skY":-12.64},"duration":22},{"tweenEasing":null,"transform":{},"duration":0}],"name":"tailTip"},{"frame":[{"tweenEasing":0,"transform":{},"duration":8},{"tweenEasing":0,"transform":{"y":-2},"duration":22},{"tweenEasing":null,"transform":{},"duration":0}],"name":"eyeL"},{"frame":[{"tweenEasing":0,"transform":{"skX":9.6205,"skY":9.6205},"duration":15},{"tweenEasing":0,"transform":{"skX":-1.4848,"skY":-1.4848},"duration":15},{"tweenEasing":null,"transform":{"skX":9.6205,"skY":9.6205},"duration":0}],"name":"beardL"},{"frame":[{"tweenEasing":0,"transform":{},"duration":30},{"tweenEasing":null,"transform":{},"duration":0}],"name":"armR"},{"frame":[{"tweenEasing":0,"transform":{},"duration":15},{"tweenEasing":0,"transform":{"skX":5.44,"skY":5.44},"duration":15},{"tweenEasing":null,"transform":{},"duration":0}],"name":"beardR"},{"frame":[{"tweenEasing":0,"transform":{},"duration":12},{"tweenEasing":0,"transform":{"y":-4,"x":2},"duration":18},{"tweenEasing":null,"transform":{},"duration":0}],"name":"hair"},{"frame":[{"tweenEasing":0,"transform":{},"duration":30},{"tweenEasing":null,"transform":{},"duration":0}],"name":"handR"},{"frame":[{"tweenEasing":0,"transform":{},"duration":30},{"tweenEasing":null,"transform":{},"duration":0}],"name":"handL"}],"slot":[{"name":"armUpperL","frame":[{"tweenEasing":0,"duration":30,"color":{}},{"tweenEasing":null,"duration":0,"color":{}}]},{"name":"handL","frame":[{"tweenEasing":0,"duration":30,"color":{}},{"tweenEasing":null,"duration":0,"color":{}}]},{"name":"legL","frame":[{"tweenEasing":0,"duration":30,"color":{}},{"tweenEasing":null,"duration":0,"color":{}}]},{"name":"body","frame":[{"tweenEasing":0,"duration":8,"color":{}},{"tweenEasing":0,"duration":12,"color":{}},{"tweenEasing":0,"duration":8,"color":{}},{"tweenEasing":null,"duration":2,"color":{}},{"tweenEasing":null,"duration":0,"color":{}}]},{"name":"clothes","frame":[{"tweenEasing":0,"duration":12,"color":{}},{"tweenEasing":0,"duration":17,"color":{}},{"tweenEasing":null,"duration":1,"color":{}},{"tweenEasing":null,"duration":0,"color":{}}]},{"name":"hair","frame":[{"tweenEasing":0,"duration":12,"color":{}},{"tweenEasing":0,"duration":8,"color":{}},{"tweenEasing":0,"duration":8,"color":{}},{"tweenEasing":null,"duration":2,"color":{}},{"tweenEasing":null,"duration":0,"color":{}}]},{"name":"head","frame":[{"tweenEasing":0,"duration":30,"color":{}},{"tweenEasing":null,"duration":0,"color":{}}]},{"name":"eyeL","frame":[{"tweenEasing":0,"duration":8,"color":{}},{"tweenEasing":0,"duration":12,"color":{}},{"tweenEasing":0,"duration":8,"color":{}},{"tweenEasing":null,"duration":2,"color":{}},{"tweenEasing":null,"duration":0,"color":{}}]},{"name":"legR","frame":[{"tweenEasing":0,"duration":30,"color":{}},{"tweenEasing":null,"duration":0,"color":{}}]},{"name":"armUpperR","frame":[{"tweenEasing":0,"duration":30,"color":{}},{"tweenEasing":null,"duration":0,"color":{}}]},{"name":"armR","frame":[{"tweenEasing":0,"duration":30,"color":{}},{"tweenEasing":null,"duration":0,"color":{}}]},{"name":"handR","frame":[{"tweenEasing":0,"duration":30,"color":{}},{"tweenEasing":null,"duration":0,"color":{}}]},{"name":"beardL","frame":[{"tweenEasing":0,"duration":7,"color":{}},{"tweenEasing":0,"duration":8,"color":{}},{"tweenEasing":0,"duration":12,"color":{}},{"tweenEasing":0,"duration":1,"color":{}},{"tweenEasing":null,"duration":2,"color":{}},{"tweenEasing":null,"duration":0,"color":{}}]},{"name":"beardR","frame":[{"tweenEasing":0,"duration":7,"color":{}},{"tweenEasing":0,"duration":8,"color":{}},{"tweenEasing":0,"duration":12,"color":{}},{"tweenEasing":0,"duration":1,"color":{}},{"tweenEasing":null,"duration":2,"color":{}},{"tweenEasing":null,"duration":0,"color":{}}]}],"name":"stand"},{"ffd":[],"playTimes":0,"frame":[],"duration":20,"bone":[{"frame":[{"tweenEasing":null,"transform":{},"duration":20},{"tweenEasing":null,"transform":{},"duration":0}],"name":"root"},{"frame":[{"tweenEasing":0,"transform":{"y":-4},"duration":10},{"tweenEasing":0,"transform":{"y":-2},"duration":10},{"tweenEasing":null,"transform":{"y":-4},"duration":0}],"name":"body"},{"frame":[{"tweenEasing":0,"transform":{"y":-14,"skX":-30,"x":-6,"skY":-30},"duration":10},{"tweenEasing":0,"transform":{"y":-2,"skX":30,"x":-3.9,"skY":30},"duration":10},{"tweenEasing":null,"transform":{"y":-14,"skX":-30,"x":-6,"skY":-30},"duration":0}],"name":"legR"},{"frame":[{"tweenEasing":0,"transform":{"y":14,"skX":45.5,"x":-6,"skY":45.5},"duration":10},{"tweenEasing":0,"transform":{"y":2,"skX":-22.15,"skY":-22.15},"duration":10},{"tweenEasing":null,"transform":{"y":14,"skX":45.5,"x":-6,"skY":45.5},"duration":0}],"name":"armUpperR"},{"frame":[{"tweenEasing":0,"transform":{"y":28.4011,"skX":49.67,"x":-40.3442,"skY":49.67},"duration":10},{"tweenEasing":0,"transform":{"y":-8.9278,"skX":-19.23,"x":-22.5206,"skY":-19.23},"duration":10},{"tweenEasing":null,"transform":{"y":28.4011,"skX":49.67,"x":-40.3442,"skY":49.67},"duration":0}],"name":"legL"},{"frame":[{"tweenEasing":0,"transform":{"y":4},"duration":10},{"tweenEasing":0,"transform":{"y":2,"skX":2.95,"skY":2.95},"duration":10},{"tweenEasing":null,"transform":{"y":4},"duration":0}],"name":"head"},{"frame":[{"tweenEasing":0,"transform":{"y":4,"skX":-21.2,"skY":-21.2},"duration":10},{"tweenEasing":0,"transform":{"y":2,"skX":30,"skY":30},"duration":10},{"tweenEasing":null,"transform":{"y":4,"skX":-21.2,"skY":-21.2},"duration":0}],"name":"armUpperL"},{"frame":[{"tweenEasing":0,"transform":{"x":-8},"duration":10},{"tweenEasing":0,"transform":{"y":-6,"skX":-8.7,"x":-12,"skY":-8.7},"duration":10},{"tweenEasing":null,"transform":{"x":-8},"duration":0}],"name":"tail"},{"frame":[{"tweenEasing":0,"transform":{},"duration":5},{"tweenEasing":0,"transform":{"y":-2,"x":-2},"duration":5},{"tweenEasing":0,"transform":{},"duration":5},{"tweenEasing":0,"transform":{"y":-2,"x":-2},"duration":5},{"tweenEasing":null,"transform":{},"duration":0}],"name":"clothes"},{"frame":[{"tweenEasing":0,"transform":{"y":-2.2012,"skX":-38.8,"x":-13.0387,"skY":-38.8},"duration":10},{"tweenEasing":0,"transform":{"y":-5.8451,"skX":38.55,"x":3.9043,"skY":38.55},"duration":10},{"tweenEasing":null,"transform":{"y":-2.2012,"skX":-38.8,"x":-13.0387,"skY":-38.8},"duration":0}],"name":"armL"},{"frame":[{"tweenEasing":0,"transform":{"y":0.5,"x":1.7},"duration":10},{"tweenEasing":0,"transform":{"y":-0.2773,"skX":-2.95,"x":-4.1136,"skY":-2.95},"duration":10},{"tweenEasing":null,"transform":{"y":0.5,"x":1.7},"duration":0}],"name":"eyeR"},{"frame":[{"tweenEasing":0,"transform":{"y":-0.5359,"x":8.9282},"duration":10},{"tweenEasing":0,"transform":{"y":10.0761,"skX":17.93,"x":-2.9969,"skY":17.93},"duration":10},{"tweenEasing":null,"transform":{"y":-0.5359,"x":8.9282},"duration":0}],"name":"tailTip"},{"frame":[{"tweenEasing":0,"transform":{},"duration":10},{"tweenEasing":0,"transform":{"y":4.1907,"skX":-2.95,"x":-7.5499,"skY":-2.95},"duration":10},{"tweenEasing":null,"transform":{},"duration":0}],"name":"eyeL"},{"frame":[{"tweenEasing":0,"transform":{},"duration":10},{"tweenEasing":0,"transform":{"y":-5.5174,"skX":6.04,"x":-3.5187,"skY":6.04},"duration":10},{"tweenEasing":null,"transform":{},"duration":0}],"name":"beardL"},{"frame":[{"tweenEasing":0,"transform":{"y":9.9555,"skX":21.72,"x":-2.5742,"skY":21.72},"duration":5},{"tweenEasing":0,"transform":{"y":4.9989,"skX":31.7897,"x":-2.7325,"skY":31.7897},"duration":5},{"tweenEasing":0,"transform":{"y":0.0424,"skX":-15.63,"x":-2.8907,"skY":-15.63},"duration":5},{"tweenEasing":0,"transform":{"y":-5.611,"skX":-19.6672,"x":-0.2247,"skY":-19.6672},"duration":5},{"tweenEasing":null,"transform":{"y":9.9555,"skX":21.72,"x":-2.5742,"skY":21.72},"duration":0}],"name":"armR"},{"frame":[{"tweenEasing":0,"transform":{},"duration":10},{"tweenEasing":0,"transform":{"y":1.6594,"skX":-10.45,"x":-1.4456,"skY":-10.45},"duration":10},{"tweenEasing":null,"transform":{},"duration":0}],"name":"beardR"},{"frame":[{"tweenEasing":0,"transform":{},"duration":10},{"tweenEasing":0,"transform":{"y":-7.1738,"skX":-2.95,"x":1.1289,"skY":-2.95},"duration":10},{"tweenEasing":null,"transform":{},"duration":0}],"name":"hair"},{"frame":[{"tweenEasing":0,"transform":{"y":2.0245,"skX":-45.48,"x":-16.2659,"skY":-45.48},"duration":10},{"tweenEasing":0,"transform":{"y":2.1665,"skX":-0.48,"x":1.4963,"skY":-0.48},"duration":10},{"tweenEasing":null,"transform":{"y":2.0245,"skX":-45.48,"x":-16.2659,"skY":-45.48},"duration":0}],"name":"handR"},{"frame":[{"tweenEasing":0,"transform":{"y":0.9027,"skX":15,"x":-1.6657,"skY":15},"duration":10},{"tweenEasing":0,"transform":{"y":3.3992,"skX":6.45,"x":-2.7762,"skY":6.45},"duration":10},{"tweenEasing":null,"transform":{"y":0.9027,"skX":15,"x":-1.6657,"skY":15},"duration":0}],"name":"handL"}],"slot":[{"name":"tailTip","frame":[{"tweenEasing":0,"duration":10,"color":{}},{"tweenEasing":0,"duration":10,"color":{}},{"tweenEasing":null,"duration":0,"color":{}}]},{"name":"armUpperL","frame":[{"tweenEasing":0,"duration":10,"color":{}},{"tweenEasing":0,"duration":10,"color":{}},{"tweenEasing":null,"duration":0,"color":{}}]},{"name":"armL","frame":[{"tweenEasing":0,"duration":10,"color":{}},{"tweenEasing":0,"duration":10,"color":{}},{"tweenEasing":null,"duration":0,"color":{}}]},{"name":"handL","frame":[{"tweenEasing":0,"duration":10,"color":{}},{"tweenEasing":0,"duration":10,"color":{}},{"tweenEasing":null,"duration":0,"color":{}}]},{"name":"legL","frame":[{"tweenEasing":0,"duration":10,"color":{}},{"tweenEasing":0,"duration":10,"color":{}},{"tweenEasing":null,"duration":0,"color":{}}]},{"name":"body","frame":[{"tweenEasing":0,"duration":10,"color":{}},{"tweenEasing":0,"duration":10,"color":{}},{"tweenEasing":null,"duration":0,"color":{}}]},{"name":"tail","frame":[{"tweenEasing":0,"duration":10,"color":{}},{"tweenEasing":0,"duration":10,"color":{}},{"tweenEasing":null,"duration":0,"color":{}}]},{"name":"clothes","frame":[{"tweenEasing":0,"duration":5,"color":{}},{"tweenEasing":0,"duration":5,"color":{}},{"tweenEasing":0,"duration":5,"color":{}},{"tweenEasing":0,"duration":5,"color":{}},{"tweenEasing":null,"duration":0,"color":{}}]},{"name":"hair","frame":[{"tweenEasing":0,"duration":10,"color":{}},{"tweenEasing":0,"duration":10,"color":{}},{"tweenEasing":null,"duration":0,"color":{}}]},{"name":"head","frame":[{"tweenEasing":0,"duration":10,"color":{}},{"tweenEasing":0,"duration":10,"color":{}},{"tweenEasing":null,"duration":0,"color":{}}]},{"name":"eyeL","frame":[{"tweenEasing":0,"duration":10,"color":{}},{"tweenEasing":0,"duration":10,"color":{}},{"tweenEasing":null,"duration":0,"color":{}}]},{"name":"eyeR","frame":[{"tweenEasing":0,"duration":10,"color":{}},{"tweenEasing":0,"duration":10,"color":{}},{"tweenEasing":null,"duration":0,"color":{}}]},{"name":"legR","frame":[{"tweenEasing":0,"duration":10,"color":{}},{"tweenEasing":0,"duration":10,"color":{}},{"tweenEasing":null,"duration":0,"color":{}}]},{"name":"armUpperR","frame":[{"tweenEasing":0,"duration":10,"color":{}},{"tweenEasing":0,"duration":10,"color":{}},{"tweenEasing":null,"duration":0,"color":{}}]},{"name":"armR","frame":[{"tweenEasing":0,"duration":10,"color":{}},{"tweenEasing":0,"duration":10,"color":{}},{"tweenEasing":null,"duration":0,"color":{}}]},{"name":"handR","frame":[{"tweenEasing":0,"duration":10,"color":{}},{"tweenEasing":0,"duration":10,"color":{}},{"tweenEasing":null,"duration":0,"color":{}}]},{"name":"beardL","frame":[{"tweenEasing":0,"duration":10,"color":{}},{"tweenEasing":0,"duration":10,"color":{}},{"tweenEasing":null,"duration":0,"color":{}}]},{"name":"beardR","frame":[{"tweenEasing":0,"duration":10,"color":{}},{"tweenEasing":0,"duration":10,"color":{}},{"tweenEasing":null,"duration":0,"color":{}}]}],"name":"walk"},{"ffd":[],"playTimes":0,"frame":[],"duration":5,"bone":[{"frame":[{"tweenEasing":null,"transform":{},"duration":5}],"name":"root"},{"frame":[{"tweenEasing":0,"transform":{"y":-66},"duration":5},{"tweenEasing":null,"transform":{"y":-66},"duration":0}],"name":"body"},{"frame":[{"tweenEasing":0,"transform":{"y":1.0328,"skX":-27.69,"x":1.1757,"skY":-27.69},"duration":2},{"tweenEasing":0,"transform":{"y":0.6594,"skX":-27.69,"x":-3.122,"skY":-27.69},"duration":3},{"tweenEasing":null,"transform":{"y":1.0328,"skX":-27.69,"x":1.1757,"skY":-27.69},"duration":0}],"name":"legR"},{"frame":[{"tweenEasing":0,"transform":{"y":10,"skX":-24.65,"skY":-24.65},"duration":2},{"tweenEasing":0,"transform":{"y":9.7511,"skX":-23.1904,"x":-2.8651,"skY":-23.1904},"duration":3},{"tweenEasing":null,"transform":{"y":10,"skX":-24.65,"skY":-24.65},"duration":0}],"name":"armUpperR"},{"frame":[{"tweenEasing":0,"transform":{"y":38.2873,"skX":-15.2954,"x":-20.6204,"skY":-15.2954},"duration":2},{"tweenEasing":0,"transform":{"y":37.7894,"skX":-15.2954,"x":-26.3507,"skY":-15.2954},"duration":3},{"tweenEasing":null,"transform":{"y":38.2873,"skX":-15.2954,"x":-20.6204,"skY":-15.2954},"duration":0}],"name":"legL"},{"frame":[{"tweenEasing":0,"transform":{"y":1.9,"skX":10,"x":3.6,"skY":10},"duration":5},{"tweenEasing":null,"transform":{"y":1.9,"skX":10,"x":3.6,"skY":10},"duration":0}],"name":"head"},{"frame":[{"tweenEasing":0,"transform":{"y":4,"skX":15,"skY":15},"duration":2},{"tweenEasing":0,"transform":{"y":3.6266,"skX":15,"x":-4.2977,"skY":15},"duration":3},{"tweenEasing":null,"transform":{"y":4,"skX":15,"skY":15},"duration":0}],"name":"armUpperL"},{"frame":[{"tweenEasing":0,"transform":{"y":-10,"skX":9.3457,"x":-24,"skY":9.3457},"duration":2},{"tweenEasing":0,"transform":{"y":-10,"skX":13.7283,"x":-24,"skY":13.7283},"duration":3},{"tweenEasing":null,"transform":{"y":-10,"skX":9.3457,"x":-24,"skY":9.3457},"duration":0}],"name":"tail"},{"frame":[{"tweenEasing":0,"transform":{"y":-4.5108,"x":-4.7682},"duration":2},{"tweenEasing":0,"transform":{"y":-4.8842,"x":-9.0659},"duration":3},{"tweenEasing":null,"transform":{"y":-4.5108,"x":-4.7682},"duration":0}],"name":"clothes"},{"frame":[{"tweenEasing":0,"transform":{"y":2.5528,"skX":8.55,"x":-0.5979,"skY":8.55},"duration":5},{"tweenEasing":null,"transform":{"y":2.5528,"skX":8.55,"x":-0.5979,"skY":8.55},"duration":0}],"name":"armL"},{"frame":[{"tweenEasing":0,"transform":{"y":-8.7028,"skX":-10,"x":8.8815,"skY":-10},"duration":2},{"tweenEasing":0,"transform":{"y":-9.0585,"skX":-10,"x":8.1208,"skY":-10},"duration":3},{"tweenEasing":null,"transform":{"y":-7.7261,"skX":-10,"x":9.013,"skY":-10},"duration":0}],"name":"eyeR"},{"frame":[{"tweenEasing":0,"transform":{"y":6.3001,"skX":2.89,"x":2.1698,"skY":2.89},"duration":2},{"tweenEasing":0,"transform":{"y":-0.896,"skX":8.91,"x":0.6375,"skY":8.91},"duration":3},{"tweenEasing":null,"transform":{"y":6.3001,"skX":2.89,"x":2.1698,"skY":2.89},"duration":0}],"name":"tailTip"},{"frame":[{"tweenEasing":0,"transform":{"y":-6.3014,"skX":-10,"x":8.9391,"skY":-10},"duration":2},{"tweenEasing":0,"transform":{"y":-9.0585,"skX":-10,"x":8.1208,"skY":-10},"duration":3},{"tweenEasing":null,"transform":{"y":-6.3014,"skX":-10,"x":8.9391,"skY":-10},"duration":0}],"name":"eyeL"},{"frame":[{"tweenEasing":0,"transform":{"y":19.2267,"skX":-50.29,"x":-19.7777,"skY":-50.29},"duration":2},{"tweenEasing":0,"transform":{"y":19.2267,"skX":-58.5649,"x":-19.7777,"skY":-58.5649},"duration":3},{"tweenEasing":null,"transform":{"y":19.2267,"skX":-50.29,"x":-19.7777,"skY":-50.29},"duration":0}],"name":"beardL"},{"frame":[{"tweenEasing":0,"transform":{"y":1.1591,"skX":-13.13,"x":-8.0809,"skY":-13.13},"duration":5},{"tweenEasing":null,"transform":{"y":1.1591,"skX":-13.13,"x":-8.0809,"skY":-13.13},"duration":0}],"name":"armR"},{"frame":[{"tweenEasing":0,"transform":{"y":6.7484,"skX":42.5,"x":-8.1489,"skY":42.5},"duration":2},{"tweenEasing":0,"transform":{"y":6.8295,"skX":50.23,"x":-8.0331,"skY":50.23},"duration":3},{"tweenEasing":null,"transform":{"y":6.7484,"skX":42.5,"x":-8.1489,"skY":42.5},"duration":0}],"name":"beardR"},{"frame":[{"tweenEasing":0,"transform":{"y":-6.0436,"skX":-10,"x":-0.8181,"skY":-10},"duration":2},{"tweenEasing":0,"transform":{"y":-2.7989,"skX":-10,"x":3.8157,"skY":-10},"duration":3},{"tweenEasing":null,"transform":{"y":-6.0436,"skX":-10,"x":-0.8181,"skY":-10},"duration":0}],"name":"hair"},{"frame":[{"tweenEasing":0,"transform":{"y":2.1665,"skX":-0.48,"x":1.4963,"skY":-0.48},"duration":5},{"tweenEasing":null,"transform":{"y":2.1665,"skX":-0.48,"x":1.4963,"skY":-0.48},"duration":0}],"name":"handR"},{"frame":[{"tweenEasing":0,"transform":{"y":-3.8513,"skX":-8.55,"x":-14.1093,"skY":-8.55},"duration":5},{"tweenEasing":null,"transform":{"y":-3.8513,"skX":-8.55,"x":-14.1093,"skY":-8.55},"duration":0}],"name":"handL"}],"slot":[{"name":"tailTip","frame":[{"tweenEasing":0,"duration":2,"color":{}},{"tweenEasing":0,"duration":3,"color":{}},{"tweenEasing":null,"duration":0,"color":{}}]},{"name":"armUpperL","frame":[{"tweenEasing":0,"duration":2,"color":{}},{"tweenEasing":0,"duration":3,"color":{}},{"tweenEasing":null,"duration":0,"color":{}}]},{"name":"armL","frame":[{"tweenEasing":0,"duration":5,"color":{}},{"tweenEasing":null,"duration":0,"color":{}}]},{"name":"handL","frame":[{"tweenEasing":0,"duration":5,"color":{}},{"tweenEasing":null,"duration":0,"color":{}}]},{"name":"legL","frame":[{"tweenEasing":0,"duration":2,"color":{}},{"tweenEasing":0,"duration":3,"color":{}},{"tweenEasing":null,"duration":0,"color":{}}]},{"name":"body","frame":[{"tweenEasing":0,"duration":5,"color":{}},{"tweenEasing":null,"duration":0,"color":{}}]},{"name":"tail","frame":[{"tweenEasing":0,"duration":2,"color":{}},{"tweenEasing":0,"duration":3,"color":{}},{"tweenEasing":null,"duration":0,"color":{}}]},{"name":"clothes","frame":[{"tweenEasing":0,"duration":2,"color":{}},{"tweenEasing":0,"duration":3,"color":{}},{"tweenEasing":null,"duration":0,"color":{}}]},{"name":"hair","frame":[{"tweenEasing":0,"duration":2,"color":{}},{"tweenEasing":0,"duration":3,"color":{}},{"tweenEasing":null,"duration":0,"color":{}}]},{"name":"head","frame":[{"tweenEasing":0,"duration":5,"color":{}},{"tweenEasing":null,"duration":0,"color":{}}]},{"name":"eyeL","frame":[{"tweenEasing":0,"duration":2,"color":{}},{"tweenEasing":0,"duration":3,"color":{}},{"tweenEasing":null,"duration":0,"color":{}}]},{"name":"eyeR","frame":[{"tweenEasing":0,"duration":2,"color":{}},{"tweenEasing":0,"duration":3,"color":{}},{"tweenEasing":null,"duration":0,"color":{}}]},{"name":"legR","frame":[{"tweenEasing":0,"duration":2,"color":{}},{"tweenEasing":0,"duration":3,"color":{}},{"tweenEasing":null,"duration":0,"color":{}}]},{"name":"armUpperR","frame":[{"tweenEasing":0,"duration":2,"color":{}},{"tweenEasing":0,"duration":3,"color":{}},{"tweenEasing":null,"duration":0,"color":{}}]},{"name":"armR","frame":[{"tweenEasing":0,"duration":5,"color":{}},{"tweenEasing":null,"duration":0,"color":{}}]},{"name":"handR","frame":[{"tweenEasing":0,"duration":5,"color":{}},{"tweenEasing":null,"duration":0,"color":{}}]},{"name":"beardL","frame":[{"tweenEasing":0,"duration":2,"color":{}},{"tweenEasing":0,"duration":3,"color":{}},{"tweenEasing":null,"duration":0,"color":{}}]},{"name":"beardR","frame":[{"tweenEasing":0,"duration":2,"color":{}},{"tweenEasing":0,"duration":3,"color":{}},{"tweenEasing":null,"duration":0,"color":{}}]}],"name":"jump"},{"ffd":[],"playTimes":0,"frame":[],"duration":5,"bone":[{"frame":[{"tweenEasing":null,"transform":{},"duration":5}],"name":"root"},{"frame":[{"tweenEasing":0,"transform":{"y":-66},"duration":5},{"tweenEasing":null,"transform":{"y":-66},"duration":0}],"name":"body"},{"frame":[{"tweenEasing":0,"transform":{"y":8.9644,"skX":27.76,"x":6.1797,"skY":27.76},"duration":2},{"tweenEasing":0,"transform":{"y":8.576,"skX":27.76,"x":1.7095,"skY":27.76},"duration":3},{"tweenEasing":null,"transform":{"y":8.9644,"skX":27.76,"x":6.1797,"skY":27.76},"duration":0}],"name":"legR"},{"frame":[{"tweenEasing":0,"transform":{"y":10,"skX":-69.64,"skY":-69.64},"duration":2},{"tweenEasing":0,"transform":{"y":9.8705,"skX":-66.683,"x":-1.49,"skY":-66.683},"duration":3},{"tweenEasing":null,"transform":{"y":10,"skX":-69.64,"skY":-69.64},"duration":0}],"name":"armUpperR"},{"frame":[{"tweenEasing":0,"transform":{"y":7.9,"skX":50.73,"x":22.6,"skY":50.73},"duration":2},{"tweenEasing":0,"transform":{"y":7.6411,"skX":50.73,"x":19.6199,"skY":50.73},"duration":3},{"tweenEasing":null,"transform":{"y":7.9,"skX":50.73,"x":22.6,"skY":50.73},"duration":0}],"name":"legL"},{"frame":[{"tweenEasing":0,"transform":{"y":-3.4,"skX":-8.73,"x":11,"skY":-8.73},"duration":5},{"tweenEasing":null,"transform":{"y":-3.4,"skX":-8.73,"x":11,"skY":-8.73},"duration":0}],"name":"head"},{"frame":[{"tweenEasing":0,"transform":{"y":4,"skX":92.45,"skY":92.45},"duration":2},{"tweenEasing":0,"transform":{"y":4.2589,"skX":89.9735,"x":2.9801,"skY":89.9735},"duration":3},{"tweenEasing":null,"transform":{"y":4,"skX":92.45,"skY":92.45},"duration":0}],"name":"armUpperL"},{"frame":[{"tweenEasing":0,"transform":{"y":-6.1,"skX":-18.47,"x":-3.9,"skY":-18.47},"duration":2},{"tweenEasing":0,"transform":{"y":-6.1,"skX":-22.44,"x":-3.9,"skY":-22.44},"duration":3},{"tweenEasing":null,"transform":{"y":-6.1,"skX":-18.47,"x":-3.9,"skY":-18.47},"duration":0}],"name":"tail"},{"frame":[{"tweenEasing":0,"transform":{"y":-4.8621,"x":-6.0066},"duration":2},{"tweenEasing":0,"transform":{"y":-4.4737,"x":-1.5365},"duration":3},{"tweenEasing":null,"transform":{"y":-4.8621,"x":-6.0066},"duration":0}],"name":"clothes"},{"frame":[{"tweenEasing":0,"transform":{"y":5.8138,"skX":-53.9,"x":4.3491,"skY":-53.9},"duration":5},{"tweenEasing":null,"transform":{"y":5.8138,"skX":-53.9,"x":4.3491,"skY":-53.9},"duration":0}],"name":"armL"},{"frame":[{"tweenEasing":0,"transform":{"y":-4.6145,"skX":8.73,"x":-17.7606,"skY":8.73},"duration":2},{"tweenEasing":0,"transform":{"y":-3.0052,"skX":8.73,"x":-14.8289,"skY":8.73},"duration":3},{"tweenEasing":null,"transform":{"y":-4.6145,"skX":8.73,"x":-17.7606,"skY":8.73},"duration":0}],"name":"eyeR"},{"frame":[{"tweenEasing":0,"transform":{"y":-1.156,"skX":0.14,"x":2.7983,"skY":0.14},"duration":2},{"tweenEasing":0,"transform":{"y":1.7886,"skX":-0.83,"x":1.817,"skY":-0.83},"duration":3},{"tweenEasing":null,"transform":{"y":-1.156,"skX":0.14,"x":2.7983,"skY":0.14},"duration":0}],"name":"tailTip"},{"frame":[{"tweenEasing":0,"transform":{"y":-8.1532,"skX":8.73,"x":-13.0014,"skY":8.73},"duration":2},{"tweenEasing":0,"transform":{"y":-5.9369,"skX":8.73,"x":-13.2195,"skY":8.73},"duration":3},{"tweenEasing":null,"transform":{"y":-8.1532,"skX":8.73,"x":-13.0014,"skY":8.73},"duration":0}],"name":"eyeL"},{"frame":[{"tweenEasing":0,"transform":{"y":7.7817,"skX":-2.54,"x":0.3247,"skY":-2.54},"duration":2},{"tweenEasing":0,"transform":{"y":7.7817,"skX":25.1339,"x":0.3247,"skY":25.1339},"duration":3},{"tweenEasing":null,"transform":{"y":7.7817,"skX":-2.54,"x":0.3247,"skY":-2.54},"duration":0}],"name":"beardL"},{"frame":[{"tweenEasing":0,"transform":{"y":-3.1965,"skX":-13.14,"x":-11.2069,"skY":-13.14},"duration":5},{"tweenEasing":null,"transform":{"y":-3.1965,"skX":-13.14,"x":-11.2069,"skY":-13.14},"duration":0}],"name":"armR"},{"frame":[{"tweenEasing":0,"transform":{"y":5.251,"skX":8.96,"x":-7.8667,"skY":8.96},"duration":2},{"tweenEasing":0,"transform":{"y":5.251,"skX":-6.04,"x":-7.8667,"skY":-6.04},"duration":3},{"tweenEasing":null,"transform":{"y":5.251,"skX":8.96,"x":-7.8667,"skY":8.96},"duration":0}],"name":"beardR"},{"frame":[{"tweenEasing":0,"transform":{"y":7.2382,"skX":-6.27,"x":0.5909,"skY":-6.27},"duration":2},{"tweenEasing":0,"transform":{"y":0.2075,"skX":-7.09,"x":-6.3221,"skY":-7.09},"duration":3},{"tweenEasing":null,"transform":{"y":7.2382,"skX":-6.27,"x":0.5909,"skY":-6.27},"duration":0}],"name":"hair"},{"frame":[{"tweenEasing":0,"transform":{"y":-1.3692,"skX":29.52,"x":-3.9387,"skY":29.52},"duration":5},{"tweenEasing":null,"transform":{"y":-1.3692,"skX":29.52,"x":-3.9387,"skY":29.52},"duration":0}],"name":"handR"},{"frame":[{"tweenEasing":0,"transform":{"y":1.4681,"skX":21.45,"x":-3.5985,"skY":21.45},"duration":5},{"tweenEasing":null,"transform":{"y":1.4681,"skX":21.45,"x":-3.5985,"skY":21.45},"duration":0}],"name":"handL"}],"slot":[{"name":"tailTip","frame":[{"tweenEasing":0,"duration":2,"color":{}},{"tweenEasing":0,"duration":3,"color":{}},{"tweenEasing":null,"duration":0,"color":{}}]},{"name":"armUpperL","frame":[{"tweenEasing":0,"duration":2,"color":{}},{"tweenEasing":0,"duration":3,"color":{}},{"tweenEasing":null,"duration":0,"color":{}}]},{"name":"armL","frame":[{"tweenEasing":0,"duration":5,"color":{}},{"tweenEasing":null,"duration":0,"color":{}}]},{"name":"handL","frame":[{"tweenEasing":0,"duration":5,"color":{}},{"tweenEasing":null,"duration":0,"color":{}}]},{"name":"legL","frame":[{"tweenEasing":0,"duration":2,"color":{}},{"tweenEasing":0,"duration":3,"color":{}},{"tweenEasing":null,"duration":0,"color":{}}]},{"name":"body","frame":[{"tweenEasing":0,"duration":5,"color":{}},{"tweenEasing":null,"duration":0,"color":{}}]},{"name":"tail","frame":[{"tweenEasing":0,"duration":2,"color":{}},{"tweenEasing":0,"duration":3,"color":{}},{"tweenEasing":null,"duration":0,"color":{}}]},{"name":"clothes","frame":[{"tweenEasing":0,"duration":2,"color":{}},{"tweenEasing":0,"duration":3,"color":{}},{"tweenEasing":null,"duration":0,"color":{}}]},{"name":"hair","frame":[{"tweenEasing":0,"duration":2,"color":{}},{"tweenEasing":0,"duration":3,"color":{}},{"tweenEasing":null,"duration":0,"color":{}}]},{"name":"head","frame":[{"tweenEasing":0,"duration":5,"color":{}},{"tweenEasing":null,"duration":0,"color":{}}]},{"name":"eyeL","frame":[{"tweenEasing":0,"duration":2,"color":{}},{"tweenEasing":0,"duration":3,"color":{}},{"tweenEasing":null,"duration":0,"color":{}}]},{"name":"eyeR","frame":[{"tweenEasing":0,"duration":2,"color":{}},{"tweenEasing":0,"duration":3,"color":{}},{"tweenEasing":null,"duration":0,"color":{}}]},{"name":"legR","frame":[{"tweenEasing":0,"duration":2,"color":{}},{"tweenEasing":0,"duration":3,"color":{}},{"tweenEasing":null,"duration":0,"color":{}}]},{"name":"armUpperR","frame":[{"tweenEasing":0,"duration":2,"color":{}},{"tweenEasing":0,"duration":3,"color":{}},{"tweenEasing":null,"duration":0,"color":{}}]},{"name":"armR","frame":[{"tweenEasing":0,"duration":5,"color":{}},{"tweenEasing":null,"duration":0,"color":{}}]},{"name":"handR","frame":[{"tweenEasing":0,"duration":5,"color":{}},{"tweenEasing":null,"duration":0,"color":{}}]},{"name":"beardL","frame":[{"tweenEasing":0,"duration":2,"color":{}},{"tweenEasing":0,"duration":3,"color":{}},{"tweenEasing":null,"duration":0,"color":{}}]},{"name":"beardR","frame":[{"tweenEasing":0,"duration":2,"color":{}},{"tweenEasing":0,"duration":3,"color":{}},{"tweenEasing":null,"duration":0,"color":{}}]}],"name":"fall"}],"bone":[{"name":"root","transform":{}},{"length":150,"transform":{"y":50.5419,"skX":-94.9653,"x":26.0941,"skY":-94.9653},"parent":"root","name":"body"},{"length":120,"transform":{"y":46.9,"skX":-156.0107,"x":-95.6182,"skY":-156.0107},"parent":"body","name":"legR"},{"length":150,"transform":{"y":31.3927,"skX":159.9921,"x":80.5853,"skY":159.9921},"parent":"body","name":"armUpperR"},{"length":150,"transform":{"y":-60.2758,"skX":-154.3312,"x":-71.0496,"skY":-154.3312},"parent":"body","name":"legL"},{"length":150,"transform":{"y":-5.8037,"skX":11.4957,"x":163.1145,"skY":11.4957},"parent":"body","name":"head"},{"length":70,"transform":{"y":-93.6047,"skX":-171.7742,"x":74.4813,"skY":-171.7742},"parent":"body","name":"armUpperL"},{"length":250,"transform":{"y":70.127,"skX":79.7425,"x":-117.1092,"skY":79.7425},"parent":"body","name":"tail"},{"length":80,"transform":{"y":-31.7416,"skX":-37.5342,"x":1.423,"skY":-37.5342},"parent":"body","name":"clothes"},{"length":60,"transform":{"y":2.2256,"skX":30.7088,"x":66.7632,"skY":30.7088},"parent":"armUpperL","name":"armL"},{"transform":{"y":-23.9957,"skX":80.4531,"x":140.2628,"skY":80.4531},"name":"eyeR","parent":"head"},{"length":150,"transform":{"y":-3.1008,"skX":-37.5192,"x":257.8621,"skY":-37.5192},"parent":"tail","name":"tailTip"},{"transform":{"y":-101.188,"skX":80.4531,"x":133.7701,"skY":80.4531},"name":"eyeL","parent":"head"},{"length":80,"transform":{"y":-133.6248,"skX":-105.5036,"x":7.4588,"skY":-105.5036},"parent":"head","name":"beardL"},{"length":50,"transform":{"y":0.5285,"skX":35.2088,"x":138.7492,"skY":35.2088},"parent":"armUpperR","name":"armR"},{"length":80,"transform":{"y":-35.857,"skX":80.4531,"x":23.2753,"skY":80.4531},"parent":"head","name":"beardR"},{"length":50,"transform":{"y":80.6309,"skX":86.9099,"x":104.8249,"skY":86.9099},"parent":"head","name":"hair"},{"length":40,"transform":{"y":1.1079,"skX":17.875,"x":43.3874,"skY":17.875},"parent":"armR","name":"handR"},{"length":80,"transform":{"y":-0.4273,"skX":4.4133,"x":66.6309,"skY":4.4133},"parent":"armL","name":"handL"}],"defaultActions":[{"gotoAndPlay":"stand"}],"slot":[{"name":"tailTip","parent":"tailTip"},{"z":1,"name":"armUpperL","parent":"armUpperL"},{"z":2,"name":"armL","parent":"armL"},{"z":3,"name":"handL","parent":"handL"},{"z":4,"name":"legL","parent":"legL"},{"z":5,"name":"body","parent":"body"},{"z":6,"name":"tail","parent":"tail"},{"z":7,"name":"clothes","parent":"clothes"},{"z":8,"name":"hair","parent":"hair"},{"z":9,"name":"head","parent":"head"},{"z":10,"name":"eyeL","parent":"eyeL"},{"z":11,"name":"eyeR","parent":"eyeR"},{"z":12,"name":"legR","parent":"legR"},{"z":13,"name":"armUpperR","parent":"armUpperR"},{"z":14,"name":"armR","parent":"armR"},{"z":15,"name":"handR","parent":"handR"},{"z":16,"name":"beardL","parent":"beardL"},{"z":17,"name":"beardR","parent":"beardR"}],"skin":[{"name":"","slot":[{"display":[{"type":"image","name":"parts/head","transform":{"y":-10.5387,"skX":80.4531,"x":122.955,"skY":80.4531}}],"name":"head"},{"display":[{"type":"image","name":"parts/body","transform":{"y":0.6195,"skX":94.9653,"x":-0.9572,"skY":94.9653}}],"name":"body"},{"display":[{"type":"image","name":"parts/armUpperL","transform":{"y":4.3217,"skX":-148.2623,"x":27.8984,"skY":-148.2623}}],"name":"armUpperL"},{"display":[{"type":"image","name":"parts/legR","transform":{"y":-6.0098,"skX":-94.0239,"x":82.5819,"skY":-94.0239}}],"name":"legR"},{"display":[{"type":"image","name":"parts/hair","transform":{"y":0.3975,"skX":-4.9086,"x":0.045,"skY":-4.9086}}],"name":"hair"},{"display":[{"type":"image","name":"parts/clothes1","transform":{"y":16.0499,"skX":132.4995,"x":32.3981,"skY":132.4995}}],"name":"clothes"},{"display":[{"type":"image","name":"parts/eyeR","transform":{"y":-0.5,"x":1.5}}],"name":"eyeR"},{"display":[{"type":"image","name":"parts/eyeL","transform":{"y":0.4,"x":0.3}}],"name":"eyeL"},{"display":[{"type":"image","name":"parts/armR","transform":{"y":2.7905,"skX":-85.2356,"x":14.2173,"skY":-85.2356}}],"name":"armR"},{"display":[{"type":"image","name":"parts/handR","transform":{"y":5.0626,"skX":-88.1106,"x":23.0456,"skY":-88.1106}}],"name":"handR"},{"display":[{"type":"image","name":"parts/armUpperR","transform":{"y":4.7392,"skX":13.9232,"x":56.5203,"skY":13.9232}}],"name":"armUpperR"},{"display":[{"type":"image","name":"parts/beardL","transform":{"y":-4.3543,"skX":-174.0434,"x":49.9847,"skY":-174.0434}}],"name":"beardL"},{"display":[{"type":"image","name":"parts/legL","transform":{"y":-6.446,"skX":-146.9135,"x":101.115,"skY":-146.9135}}],"name":"legL"},{"display":[{"type":"image","name":"parts/tailTip","transform":{"y":-0.8219,"skX":82.7421,"x":81.6504,"skY":82.7421}}],"name":"tailTip"},{"display":[{"type":"image","name":"parts/handL","transform":{"y":-1.4511,"skX":146.6156,"x":34.7325,"skY":146.6156}}],"name":"handL"},{"display":[{"type":"image","name":"parts/beardR","transform":{"y":0.2,"x":61.6}}],"name":"beardR"},{"display":[{"type":"image","name":"parts/tail","transform":{"y":-0.3072,"skX":45.2229,"x":120.9881,"skY":45.2229}}],"name":"tail"},{"display":[{"type":"image","name":"parts/armL","transform":{"y":-2.8771,"skX":98.2989,"x":26.6948,"skY":98.2989}}],"name":"armL"}]}],"name":"Dragon"}]}