{"version":"5.5","frameRate":30,"armature":[{"skin":[{"slot":[{"display":[{"transform":{"y":-22.6078,"skX":-96.8817,"skY":-96.8817,"x":19.2356},"type":"image","name":"脚蹬","path":"脚蹬"}],"name":"脚蹬"},{"display":[{"transform":{"y":-0.4909,"skX":-152.4076,"skY":-152.4076,"x":17.7271},"type":"image","name":"robotFolder/leg_foot","path":"robotFolder/leg_foot"}],"name":"leg_foot"},{"display":[{"transform":{"y":0.0339,"skX":-0.5735,"skY":-0.5735,"x":-0.9994},"type":"image","name":"小牙轮","path":"小牙轮"}],"name":"小牙轮"},{"display":[{"transform":{"y":-1.5908,"skX":-96.9017,"skY":-96.9017,"x":50.8255},"type":"image","name":"robotFolder/arm_lower","path":"robotFolder/arm_lower"}],"name":"arm_lower1"},{"display":[{"transform":{"y":3.3245,"skX":-33.7018,"skY":-33.7018,"x":-63.6502},"type":"image","name":"曲轴","path":"曲轴"}],"name":"曲轴"},{"display":[{"transform":{"y":-23.0109,"skX":-95.9095,"skY":-95.9095,"x":21.0242},"type":"image","name":"脚蹬","path":"脚蹬"}],"name":"脚蹬1"},{"display":[{"transform":{"y":-7.1796,"skX":-82.3446,"skY":-82.3446,"x":88.0272},"type":"image","name":"robotFolder/leg_lower","path":"robotFolder/leg_lower"}],"name":"leg_lower1"},{"display":[{"transform":{"y":-1.0842,"skX":-108.8058,"skY":-108.8058,"x":25.1723},"type":"image","name":"robotFolder/arm_hand","path":"robotFolder/arm_hand"}],"name":"arm_hand1"},{"display":[{"transform":{"y":-5.1806,"skX":-83.6532,"skY":-83.6532,"x":85.389},"type":"image","name":"robotFolder/leg_lower","path":"robotFolder/leg_lower"}],"name":"leg_lower"},{"display":[{"transform":{"y":4.2713,"skX":-69.2222,"skY":-69.2222,"x":31.6991},"type":"image","name":"robotFolder/arm_upper","path":"robotFolder/arm_upper"}],"name":"arm_upper1"},{"display":[{"transform":{"y":-3.8744,"skX":-108.8058,"skY":-108.8058,"x":25.8342},"type":"image","name":"robotFolder/arm_hand","path":"robotFolder/arm_hand"}],"name":"arm_hand"},{"display":[{"transform":{"skX":-0.6702,"skY":-0.6702},"type":"image","name":"车轮","path":"车轮"}],"name":"车轮1"},{"display":[{"transform":{"y":-6.4982,"skX":99.2311,"skY":99.2311,"x":50.1009},"type":"image","name":"robotFolder/head","path":"robotFolder/head"}],"name":"head"},{"display":[{"transform":{"y":-163.3838,"skX":54.5389,"skY":54.5389,"x":173.7995},"type":"image","name":"车架","path":"车架"}],"name":"车架"},{"display":[{"transform":{"y":-7.1777,"skX":96.1741,"skY":96.1741,"x":1.3583},"type":"image","name":"robotFolder/lowerbody","path":"robotFolder/lowerbody"}],"name":"lowerbody"},{"display":[{"transform":{"skX":-1.4813,"skY":-1.4813},"type":"image","name":"车轮","path":"车轮"}],"name":"车轮"},{"display":[{"transform":{"y":9.3295,"skX":-71.7873,"skY":-71.7873,"x":35.327},"type":"image","name":"robotFolder/arm_upper","path":"robotFolder/arm_upper"}],"name":"arm_upper"},{"display":[{"transform":{"y":-3.8754,"skX":-143.5763,"skY":-143.5763,"x":21.7356},"type":"image","name":"robotFolder/leg_foot","path":"robotFolder/leg_foot"}],"name":"leg_foot1"},{"display":[{"transform":{"y":-4.1936,"skX":-97.213,"skY":-97.213,"x":50.054},"type":"image","name":"robotFolder/arm_lower","path":"robotFolder/arm_lower"}],"name":"arm_lower"},{"display":[{"transform":{"y":-1.3944,"skX":-97.0193,"skY":-97.0193,"x":68.4825},"type":"image","name":"robotFolder/leg_upper","path":"robotFolder/leg_upper"}],"name":"leg_upper1"},{"display":[{"transform":{"y":-7.93,"skX":-33.7018,"skY":-33.7018,"x":10.3899},"type":"image","name":"大牙轮","path":"大牙轮"}],"name":"大牙轮"},{"display":[{"edges":[0,1,1,2,2,3,3,4,4,5,5,6,6,7,7,8,8,9,9,10,10,11,11,12,12,13,13,14,14,15,15,16,16,17,17,18,18,19,19,0],"type":"mesh","transform":{"y":-2.5948,"skX":-95.3907,"skY":-95.3907,"x":66.1211},"path":"robotFolder/leg_upper","triangles":[21,10,11,22,11,12,23,12,13,26,13,14,15,26,14,16,24,15,24,26,15,26,23,13,23,22,12,24,23,26,17,24,16,22,21,11,18,24,17,19,25,18,18,25,24,9,20,8,20,9,10,21,20,10,20,7,8,19,0,25,2,3,22,4,20,21,22,3,21,2,22,23,25,23,24,20,6,7,25,2,23,3,4,21,5,6,20,4,5,20,1,2,25,0,1,25],"vertices":[-37,-66.3,-37,-36.6,-34.5,-11.45,-31.7,21.2,-25.1,56.5,-21.5,80.7,-15.2,90.9,6.8,90.85,12.45,83.1,13.15,70.75,14.55,64.6,27.85,32.3,32.95,-3.75,35.8,-26.25,37,-54.05,35.25,-70.9,23.6,-84.35,8.4,-90.9,-12.25,-90.95,-25.95,-84.15,2.6,72.4,5.55,40.45,6.3,13.75,5.95,-13.7,6.3,-39.7,-18.15,-40.45,22.25,-40.45],"userEdges":[],"width":74,"uvs":[0,0.13571,0,0.2989,0.03378,0.43709,0.07162,0.61648,0.16081,0.81044,0.20946,0.94341,0.29459,0.99945,0.59189,0.99918,0.66824,0.95659,0.6777,0.88874,0.69662,0.85495,0.87635,0.67747,0.94527,0.4794,0.98378,0.35577,1,0.20302,0.97635,0.11044,0.81892,0.03654,0.61351,0.00055,0.33446,0.00027,0.14932,0.03764,0.53514,0.8978,0.575,0.72225,0.58514,0.57555,0.58041,0.42473,0.58514,0.28187,0.25473,0.27775,0.80068,0.27775],"name":"robotFolder/leg_upper","height":182}],"name":"leg_upper"},{"display":[{"edges":[0,1,1,2,2,3,3,4,4,5,6,7,7,8,8,9,9,10,10,11,11,12,12,13,13,14,14,15,15,16,16,17,17,18,18,19,19,20,20,21,21,22,22,23,23,24,24,25,26,0,5,27,27,6,26,25],"type":"mesh","transform":{"y":1.7389,"skX":81.7758,"scX":1.0361,"skY":81.7758,"x":72.7562},"path":"robotFolder/upperbody","triangles":[28,15,16,32,28,16,17,32,16,18,32,17,28,14,15,31,28,32,19,20,32,28,33,14,19,32,18,20,31,32,33,13,14,33,35,13,35,12,13,21,31,20,35,11,12,37,11,35,8,40,7,40,6,7,9,40,8,33,37,35,40,27,6,33,34,37,29,33,28,29,28,31,39,40,9,37,10,11,10,39,9,22,29,31,21,22,31,38,10,37,38,39,10,29,34,33,34,38,37,4,5,40,39,4,40,5,27,40,22,23,29,23,30,29,30,34,29,34,36,38,38,36,39,3,4,39,36,2,39,2,3,39,30,26,34,26,36,34,26,0,36,1,2,36,25,26,30,0,1,36,24,25,30,23,24,30],"vertices":[-56,33.3,-49.65,48.6,-40.65,59.1,-32.2,79.8,-24.3,87.2,-8.95,97.15,12.65,97.75,25.85,83.5,24.8,69.25,17.95,52.3,12.65,38.6,19,23.8,30.1,19,34.3,9,50.2,-1,57.55,-17.9,59.15,-40.65,57.05,-70.3,52.3,-90.85,43.2,-99.05,14.1,-99.05,-15.85,-82.4,-38.55,-65.5,-54.95,-41.7,-60,-10.95,-60,11.3,-52.85,15.4,0.9,97.4,14.86,-25.1,-12.64,-16.81,-39.9,-10.29,15.02,-52.4,40.79,-57.48,13.86,-7.76,-12.13,16.37,22.16,9.95,-25.01,32.35,14.37,20.44,-7.53,34.27,-8.33,57.31,2.88,76.62],"userEdges":[],"width":120,"uvs":[0.03333,0.66818,0.08625,0.74545,0.16125,0.79848,0.23167,0.90303,0.2975,0.9404,0.44167,0.99975,0.60542,0.99369,0.71542,0.92172,0.69792,0.84091,0.63042,0.76692,0.5975,0.69621,0.63833,0.63333,0.75083,0.59596,0.78583,0.54545,0.88083,0.51414,0.97958,0.4096,0.99292,0.2947,0.97542,0.14495,0.92583,0.04874,0.84542,0.00076,0.63708,0,0.36583,0.07702,0.16958,0.16338,0.055,0.28359,0,0.4096,0,0.53965,0.03792,0.57879,0.50458,0.99924,0.62292,0.37071,0.39167,0.40429,0.16625,0.42576,0.63167,0.23384,0.8425,0.20909,0.60792,0.46288,0.38,0.58864,0.67833,0.55328,0.28042,0.66692,0.60208,0.61364,0.42708,0.67576,0.42125,0.79116,0.5175,0.88864],"name":"robotFolder/upperbody","height":198}],"name":"upperbody"}],"name":""}],"animation":[{"duration":54,"slot":[{"displayFrame":[{"duration":54,"tweenEasing":null}],"name":"leg_upper","colorFrame":[{"duration":54,"tweenEasing":null}]},{"displayFrame":[],"name":"arm_upper1","colorFrame":[]},{"displayFrame":[],"name":"arm_lower1","colorFrame":[]},{"displayFrame":[],"name":"arm_hand1","colorFrame":[]},{"displayFrame":[],"name":"leg_upper1","colorFrame":[]},{"displayFrame":[],"name":"leg_lower1","colorFrame":[]},{"displayFrame":[],"name":"leg_foot1","colorFrame":[]},{"displayFrame":[],"name":"脚蹬1","colorFrame":[]},{"displayFrame":[],"name":"车轮","colorFrame":[]},{"displayFrame":[],"name":"曲轴","colorFrame":[]},{"displayFrame":[],"name":"车轮1","colorFrame":[]},{"displayFrame":[],"name":"小牙轮","colorFrame":[]},{"displayFrame":[],"name":"车架","colorFrame":[]},{"displayFrame":[],"name":"大牙轮","colorFrame":[]},{"displayFrame":[],"name":"head","colorFrame":[]},{"displayFrame":[],"name":"upperbody","colorFrame":[]},{"displayFrame":[],"name":"lowerbody","colorFrame":[]},{"displayFrame":[],"name":"leg_lower","colorFrame":[]},{"displayFrame":[],"name":"leg_foot","colorFrame":[]},{"displayFrame":[],"name":"arm_upper","colorFrame":[]},{"displayFrame":[],"name":"arm_lower","colorFrame":[]},{"displayFrame":[],"name":"arm_hand","colorFrame":[]},{"displayFrame":[],"name":"脚蹬","colorFrame":[]}],"playTimes":0,"frame":[],"ffd":[{"slot":"upperbody","frame":[{"vertices":[],"duration":16,"offset":0,"tweenEasing":0},{"vertices":[-4.68,-5.23,-4.34,-3.25,-7.91,2.36,0,0,0,0,0,0,0,0,0,0,0,0,0,0,0,0,0,0,0,0,0,0,0,0,0,0,0,0,0,0,0,0,0,0],"duration":11,"offset":42,"tweenEasing":0},{"vertices":[],"duration":17,"offset":0,"tweenEasing":0},{"vertices":[-4.68,-5.23,-4.34,-3.25,-7.91,2.36,0,0,0,0,0,0,0,0,0,0,0,0,0,0,0,0,0,0,0,0,0,0,0,0,0,0,0,0,0,0,0,0,0,0],"duration":10,"offset":42,"tweenEasing":0},{"vertices":[],"duration":0,"offset":0,"tweenEasing":null}],"scale":1,"skin":"","offset":0,"name":"robotFolder/upperbody"}],"name":"bicycle","bone":[{"translateFrame":[{"duration":54}],"scaleFrame":[{"duration":54}],"name":"root","rotateFrame":[{"duration":54}]},{"translateFrame":[{"duration":54}],"scaleFrame":[{"duration":54}],"name":"车架","rotateFrame":[{"duration":54}]},{"translateFrame":[],"scaleFrame":[],"name":"大牙轮","rotateFrame":[{"duration":54,"tweenEasing":0,"rotate":-55.1015,"clockwise":2},{"duration":0,"rotate":-55.1015}]},{"translateFrame":[{"duration":54}],"scaleFrame":[{"duration":54}],"name":"脚蹬","rotateFrame":[{"duration":54}]},{"translateFrame":[{"duration":54}],"scaleFrame":[{"duration":54}],"name":"脚蹬1","rotateFrame":[{"duration":54}]},{"translateFrame":[],"scaleFrame":[],"name":"车轮","rotateFrame":[{"duration":54,"tweenEasing":0,"rotate":-55.388,"clockwise":4},{"duration":0,"rotate":-55.388}]},{"translateFrame":[],"scaleFrame":[],"name":"车轮1","rotateFrame":[{"duration":54,"tweenEasing":0,"rotate":-54.8011,"clockwise":4},{"duration":0,"rotate":-54.8011}]},{"translateFrame":[{"duration":54}],"scaleFrame":[{"duration":54}],"name":"lowerbody","rotateFrame":[{"duration":54}]},{"translateFrame":[{"duration":4,"curve":[0.5,0,0.5,1]},{"duration":14,"curve":[0.5,0,0.5,1]},{"duration":13,"curve":[0.5,0,0.5,1]},{"duration":14,"curve":[0.5,0,0.5,1]},{"duration":9,"curve":[0.5,0,0.5,1]},{"duration":0}],"scaleFrame":[{"duration":4,"curve":[0.5,0,0.5,1]},{"duration":14,"curve":[0.5,0,0.5,1]},{"duration":13,"curve":[0.5,0,0.5,1]},{"duration":14,"curve":[0.5,0,0.5,1]},{"duration":9,"curve":[0.5,0,0.5,1]},{"duration":0}],"name":"upperbody","rotateFrame":[{"duration":4,"rotate":3.7687,"curve":[0.5,0,0.5,1]},{"duration":14,"rotate":7.833,"curve":[0.5,0,0.5,1]},{"duration":13,"rotate":-12.0391,"curve":[0.5,0,0.5,1]},{"duration":14,"rotate":7.833,"curve":[0.5,0,0.5,1]},{"duration":9,"rotate":-12.0391,"curve":[0.5,0,0.5,1]},{"duration":0,"rotate":3.7687}]},{"translateFrame":[{"duration":4,"curve":[0.5,0,0.5,1]},{"duration":14,"curve":[0.5,0,0.5,1]},{"duration":13,"curve":[0.5,0,0.5,1]},{"duration":14,"curve":[0.5,0,0.5,1]},{"duration":9,"curve":[0.5,0,0.5,1]},{"duration":0}],"scaleFrame":[{"duration":4,"curve":[0.5,0,0.5,1]},{"duration":14,"curve":[0.5,0,0.5,1]},{"duration":13,"curve":[0.5,0,0.5,1]},{"duration":14,"curve":[0.5,0,0.5,1]},{"duration":9,"curve":[0.5,0,0.5,1]},{"duration":0}],"name":"head","rotateFrame":[{"duration":4,"rotate":-3.0057,"curve":[0.5,0,0.5,1]},{"duration":14,"rotate":-6.6112,"curve":[0.5,0,0.5,1]},{"duration":13,"rotate":11.0175,"curve":[0.5,0,0.5,1]},{"duration":14,"rotate":-6.6112,"curve":[0.5,0,0.5,1]},{"duration":9,"rotate":11.0175,"curve":[0.5,0,0.5,1]},{"duration":0,"rotate":-3.0057}]},{"translateFrame":[{"duration":54}],"scaleFrame":[{"duration":54}],"name":"arm_upper","rotateFrame":[{"duration":54}]},{"translateFrame":[{"duration":54}],"scaleFrame":[{"duration":54}],"name":"arm_lower","rotateFrame":[{"duration":54}]},{"translateFrame":[{"duration":54}],"scaleFrame":[{"duration":54}],"name":"arm_hand","rotateFrame":[{"duration":54}]},{"translateFrame":[{"duration":54}],"scaleFrame":[{"duration":54}],"name":"arm_upper1","rotateFrame":[{"duration":54}]},{"translateFrame":[{"duration":54}],"scaleFrame":[{"duration":54}],"name":"arm_lower1","rotateFrame":[{"duration":54}]},{"translateFrame":[{"duration":54}],"scaleFrame":[{"duration":54}],"name":"arm_hand1","rotateFrame":[{"duration":54}]},{"translateFrame":[{"duration":54}],"scaleFrame":[{"duration":54}],"name":"leg_upper","rotateFrame":[{"duration":54}]},{"translateFrame":[{"duration":54}],"scaleFrame":[{"duration":54}],"name":"leg_lower","rotateFrame":[{"duration":54}]},{"translateFrame":[{"duration":54}],"scaleFrame":[{"duration":54}],"name":"leg_foot","rotateFrame":[{"duration":54}]},{"translateFrame":[{"duration":54}],"scaleFrame":[{"duration":54}],"name":"leg_upper1","rotateFrame":[{"duration":54}]},{"translateFrame":[{"duration":54}],"scaleFrame":[{"duration":54}],"name":"leg_lower1","rotateFrame":[{"duration":54}]},{"translateFrame":[{"duration":54}],"scaleFrame":[{"duration":54}],"name":"leg_foot1","rotateFrame":[{"duration":54}]},{"translateFrame":[{"duration":54}],"scaleFrame":[{"duration":54}],"name":"bone1","rotateFrame":[{"duration":54}]},{"translateFrame":[{"duration":54}],"scaleFrame":[{"duration":54}],"name":"bone","rotateFrame":[{"duration":54}]},{"translateFrame":[{"duration":54}],"scaleFrame":[{"duration":54}],"name":"bone2","rotateFrame":[{"duration":54}]},{"translateFrame":[{"duration":54}],"scaleFrame":[{"duration":54}],"name":"bone3","rotateFrame":[{"duration":54}]},{"translateFrame":[{"duration":54}],"scaleFrame":[{"duration":54}],"name":"车架1","rotateFrame":[{"duration":54}]},{"translateFrame":[{"duration":54}],"scaleFrame":[{"duration":54}],"name":"车架2","rotateFrame":[{"duration":54}]}]}],"type":"armature","bone":[{"name":"root","transform":{}},{"length":471,"transform":{"y":-239.5212,"skX":54.665,"scX":-1,"skY":54.665,"x":4.4932},"parent":"root","name":"车架"},{"length":41,"transform":{"scY":2,"y":-830.9169,"skX":-108.8254,"scX":2,"skY":-108.8254,"x":185.5929},"parent":"root","name":"lowerbody"},{"length":137,"transform":{"y":2.0212,"skX":159.6009,"skY":159.6009,"x":-7.1516},"parent":"车架","name":"大牙轮"},{"length":247,"transform":{"y":347.9987,"skX":55.388,"skY":55.388,"x":296.4558},"parent":"车架","name":"车轮"},{"length":150,"transform":{"y":-13.7365,"skX":-126.8017,"skY":-126.8017,"x":-36.7642},"parent":"lowerbody","name":"leg_upper"},{"length":154,"transform":{"y":-11.9201,"skX":-82.8683,"skY":-82.8683,"x":-35.2209},"parent":"lowerbody","name":"leg_upper1"},{"length":256,"transform":{"y":-313.8184,"skX":133.4128,"skY":133.4128,"x":-174.6184},"parent":"车架","name":"车轮1"},{"transform":{"y":-80.8491,"skX":54.665,"skY":54.665,"x":600.0598},"name":"车架2","parent":"车架"},{"length":157,"transform":{"y":-12.6965,"skX":-21.8817,"skY":-21.8817,"x":24.9587},"parent":"lowerbody","name":"upperbody"},{"length":174,"transform":{"skX":-11.6825,"skY":-11.6825,"x":150.6162},"parent":"leg_upper","name":"leg_lower"},{"length":87,"transform":{"y":-0.1389,"skX":3.5464,"scX":-1,"skY":3.5464,"x":136.2759},"parent":"大牙轮","inheritScale":false,"name":"脚蹬","inheritRotation":false},{"transform":{"y":-13.7,"x":-109.65},"name":"车架1","parent":"车架2"},{"length":174,"transform":{"skX":-14.6748,"skY":-14.6748,"x":154.6592},"parent":"leg_upper1","name":"leg_lower1"},{"length":87,"transform":{"y":2.5651,"skX":-0.2831,"scX":-1,"skY":-0.2831,"x":-133.5158},"parent":"大牙轮","inheritScale":false,"name":"脚蹬1","inheritRotation":false},{"length":99,"transform":{"y":7.4503,"skX":-157.8318,"skY":-157.8318,"x":142.1168},"parent":"upperbody","name":"arm_upper1"},{"length":100,"transform":{"y":-1.6049,"skX":22.1226,"skY":22.1226,"x":170.9319},"parent":"upperbody","name":"head"},{"length":101,"transform":{"y":30.4627,"skX":-141.9834,"skY":-141.9834,"x":137.1521},"parent":"upperbody","name":"arm_upper"},{"length":117,"transform":{"skX":97.6102,"skY":97.6102,"x":99.79},"parent":"arm_upper1","name":"arm_lower1"},{"length":55,"transform":{"scY":1.5,"y":-0.1986,"skX":143.4473,"scX":1.5,"skY":143.4473,"x":174.3329},"parent":"leg_lower1","inheritScale":false,"name":"leg_foot1"},{"transform":{"scY":1.5,"y":-15.1589,"skX":-146.8998,"scX":-1.5,"skY":-146.8998,"x":74.913},"name":"bone","parent":"脚蹬"},{"transform":{"y":-57.8874,"x":-2.4913},"name":"bone2","parent":"脚蹬"},{"length":113,"transform":{"y":0.3058,"skX":96.3594,"skY":96.3594,"x":101.9864},"parent":"arm_upper","name":"arm_lower"},{"transform":{"scY":0.9253,"y":-13.5817,"scX":0.9253,"x":70.5896},"name":"bone1","parent":"脚蹬1"},{"length":48,"transform":{"scY":1.5,"y":-0.2638,"skX":63.8259,"scX":1.5,"skY":63.8259,"x":173.8656},"parent":"leg_lower","inheritScale":false,"name":"leg_foot"},{"transform":{"y":-70.7733,"x":-4.2817},"name":"bone3","parent":"脚蹬1"},{"length":58,"transform":{"scY":2,"y":-0.3432,"skX":172.0153,"scX":2,"skY":172.0153,"x":116.8823},"parent":"arm_lower1","inheritScale":false,"name":"arm_hand1"},{"length":58,"transform":{"scY":2,"y":0.0727,"skX":39.893,"scX":2,"skY":39.893,"x":112.4581},"parent":"arm_lower","inheritScale":false,"name":"arm_hand"}],"ik":[{"chain":1,"target":"bone2","name":"bone_ik","bone":"leg_lower","bendPositive":"false"},{"chain":1,"target":"bone3","name":"bone_ik1","bone":"leg_lower1","bendPositive":"false"},{"chain":1,"target":"车架1","name":"bone_ik6","bone":"arm_lower1"},{"chain":1,"target":"车架1","name":"bone_ik2","bone":"arm_lower"},{"target":"bone1","name":"bone_ik5","bone":"leg_foot1"},{"target":"bone","name":"bone_ik4","bone":"leg_foot"},{"target":"车架2","name":"bone_ik7","bone":"arm_hand1"},{"target":"车架2","name":"bone_ik3","bone":"arm_hand"}],"frameRate":30,"defaultActions":[{"gotoAndPlay":"bicycle"}],"slot":[{"name":"arm_upper1","parent":"arm_upper1","color":{}},{"z":1,"name":"arm_lower1","parent":"arm_lower1","color":{}},{"z":2,"name":"arm_hand1","parent":"arm_hand1","color":{}},{"z":3,"name":"leg_upper1","parent":"leg_upper1","color":{}},{"z":4,"name":"leg_lower1","parent":"leg_lower1","color":{}},{"z":5,"name":"leg_foot1","parent":"leg_foot1","color":{}},{"z":6,"name":"脚蹬1","parent":"脚蹬1","color":{}},{"z":7,"name":"车轮","parent":"车轮","color":{}},{"z":8,"name":"曲轴","parent":"大牙轮","color":{}},{"z":9,"name":"车轮1","parent":"车轮1","color":{}},{"z":10,"name":"小牙轮","parent":"车轮1","color":{}},{"z":11,"name":"车架","parent":"车架","color":{}},{"z":12,"name":"大牙轮","parent":"大牙轮","color":{}},{"z":13,"name":"head","parent":"head","color":{}},{"z":14,"name":"upperbody","parent":"upperbody","color":{}},{"z":15,"name":"lowerbody","parent":"lowerbody","color":{}},{"z":16,"name":"leg_upper","parent":"leg_upper","color":{}},{"z":17,"name":"leg_lower","parent":"leg_lower","color":{}},{"z":18,"name":"leg_foot","parent":"leg_foot","color":{}},{"z":19,"name":"arm_upper","parent":"arm_upper","color":{}},{"z":20,"name":"arm_lower","parent":"arm_lower","color":{}},{"z":21,"name":"arm_hand","parent":"arm_hand","color":{}},{"z":22,"name":"脚蹬","parent":"脚蹬","color":{}}],"name":"Bicycle","aabb":{"x":-709.3557366482493,"y":-1276.8624892260857,"width":1373.6169040025636,"height":1256.793488246257}},{"skin":[{"slot":[{"display":[{"transform":{"y":6.0031,"skX":-71.4582,"skY":-71.4582,"x":31.1057},"type":"image","name":"robotFolder/arm_upper","path":"robotFolder/arm_upper"}],"name":"innerarm_upper"},{"display":[{"transform":{"y":-2.7044,"skX":-95.3739,"skY":-95.3739,"x":51.1716},"type":"image","name":"robotFolder/arm_lower","path":"robotFolder/arm_lower"}],"name":"outerarm_lower"},{"display":[{"transform":{"y":-4.3504,"skX":-142.5475,"skY":-142.5475,"x":22.6054},"type":"image","name":"robotFolder/leg_foot","path":"robotFolder/leg_foot"}],"name":"outerleg_foot"},{"display":[{"transform":{"y":1.6179,"skX":-89.409,"skY":-89.409,"x":69.587},"type":"image","name":"robotFolder/leg_upper","path":"robotFolder/leg_upper"}],"name":"outerleg_upper"},{"display":[{"transform":{"y":-12.2789,"skX":77.6592,"skY":77.6592,"x":69.8116},"type":"image","name":"robotFolder/upperbody","path":"robotFolder/upperbody"}],"name":"upperbody"},{"display":[{"transform":{"y":-5.3625,"skX":-145.1248,"skY":-145.1248,"x":22.3869},"type":"image","name":"robotFolder/leg_foot","path":"robotFolder/leg_foot"}],"name":"innerleg_foot"},{"display":[{"transform":{"y":0.0711,"skX":-90.6823,"skY":-90.6823,"x":69.6058},"type":"image","name":"robotFolder/leg_upper","path":"robotFolder/leg_upper"}],"name":"innerleg_upper"},{"display":[{"transform":{"y":-2.3607,"skX":-94.9892,"skY":-94.9892,"x":51.1886},"type":"image","name":"robotFolder/arm_lower","path":"robotFolder/arm_lower"}],"name":"innerarm_lower"},{"display":[{"transform":{"y":-2.7245,"skX":-109.0375,"skY":-109.0375,"x":27.5163},"type":"image","name":"robotFolder/arm_hand","path":"robotFolder/arm_hand"}],"name":"outerarm_hand"},{"display":[{"transform":{"y":6.1071,"skX":-71.2665,"skY":-71.2665,"x":31.0854},"type":"image","name":"robotFolder/arm_upper","path":"robotFolder/arm_upper"}],"name":"outerarm_upper"},{"display":[{"transform":{"y":0.5433,"skX":-85.309,"skY":-85.309,"x":82.4317},"type":"image","name":"robotFolder/leg_lower","path":"robotFolder/leg_lower"}],"name":"outerleg_lower"},{"display":[{"transform":{"y":13.05,"x":-1.65},"type":"image","name":"robotFolder/lowerbody","path":"robotFolder/lowerbody"}],"name":"lowerbody"},{"display":[{"transform":{"y":-11.3517,"skX":106.3396,"skY":106.3396,"x":55.1198},"type":"image","name":"robotFolder/head","path":"robotFolder/head"}],"name":"head"},{"display":[{"transform":{"y":-0.7231,"skX":-86.1892,"skY":-86.1892,"x":82.4303},"type":"image","name":"robotFolder/leg_lower","path":"robotFolder/leg_lower"}],"name":"innerleg_lower"},{"display":[{"transform":{"y":-2.719,"skX":-109.026,"skY":-109.026,"x":27.5169},"type":"image","name":"robotFolder/arm_hand","path":"robotFolder/arm_hand"}],"name":"innerarm_hand"}],"name":""}],"animation":[{"duration":40,"slot":[{"displayFrame":[{"duration":2,"tweenEasing":null},{"duration":20,"tweenEasing":null},{"duration":18,"tweenEasing":null},{"duration":0,"tweenEasing":null}],"name":"innerarm_upper","colorFrame":[{"duration":2,"tweenEasing":0},{"duration":20,"tweenEasing":0},{"duration":18,"tweenEasing":0},{"duration":0,"tweenEasing":null}]},{"displayFrame":[{"duration":20,"tweenEasing":null},{"duration":20,"tweenEasing":null},{"duration":0,"tweenEasing":null}],"name":"innerarm_lower","colorFrame":[{"duration":20,"tweenEasing":0},{"duration":20,"tweenEasing":0},{"duration":0,"tweenEasing":null}]},{"displayFrame":[{"duration":20,"tweenEasing":null},{"duration":20,"tweenEasing":null},{"duration":0,"tweenEasing":null}],"name":"innerarm_hand","colorFrame":[{"duration":20,"tweenEasing":0},{"duration":20,"tweenEasing":0},{"duration":0,"tweenEasing":null}]},{"displayFrame":[{"duration":20,"tweenEasing":null},{"duration":20,"tweenEasing":null},{"duration":0,"tweenEasing":null}],"name":"innerleg_upper","colorFrame":[{"duration":20,"tweenEasing":0},{"duration":20,"tweenEasing":0},{"duration":0,"tweenEasing":null}]},{"displayFrame":[{"duration":20,"tweenEasing":null},{"duration":20,"tweenEasing":null},{"duration":0,"tweenEasing":null}],"name":"innerleg_lower","colorFrame":[{"duration":20,"tweenEasing":0},{"duration":20,"tweenEasing":0},{"duration":0,"tweenEasing":null}]},{"displayFrame":[{"duration":20,"tweenEasing":null},{"duration":20,"tweenEasing":null},{"duration":0,"tweenEasing":null}],"name":"innerleg_foot","colorFrame":[{"duration":20,"tweenEasing":0},{"duration":20,"tweenEasing":0},{"duration":0,"tweenEasing":null}]},{"displayFrame":[{"duration":4,"tweenEasing":null},{"duration":20,"tweenEasing":null},{"duration":16,"tweenEasing":null},{"duration":0,"tweenEasing":null}],"name":"head","colorFrame":[{"duration":4,"tweenEasing":0},{"duration":20,"tweenEasing":0},{"duration":16,"tweenEasing":0},{"duration":0,"tweenEasing":null}]},{"displayFrame":[{"duration":20,"tweenEasing":null},{"duration":20,"tweenEasing":null},{"duration":0,"tweenEasing":null}],"name":"upperbody","colorFrame":[{"duration":20,"tweenEasing":0},{"duration":20,"tweenEasing":0},{"duration":0,"tweenEasing":null}]},{"displayFrame":[{"duration":20,"tweenEasing":null},{"duration":20,"tweenEasing":null},{"duration":0,"tweenEasing":null}],"name":"lowerbody","colorFrame":[{"duration":20,"tweenEasing":0},{"duration":20,"tweenEasing":0},{"duration":0,"tweenEasing":null}]},{"displayFrame":[{"duration":20,"tweenEasing":null},{"duration":20,"tweenEasing":null},{"duration":0,"tweenEasing":null}],"name":"outerleg_upper","colorFrame":[{"duration":20,"tweenEasing":0},{"duration":20,"tweenEasing":0},{"duration":0,"tweenEasing":null}]},{"displayFrame":[{"duration":20,"tweenEasing":null},{"duration":20,"tweenEasing":null},{"duration":0,"tweenEasing":null}],"name":"outerleg_lower","colorFrame":[{"duration":20,"tweenEasing":0},{"duration":20,"tweenEasing":0},{"duration":0,"tweenEasing":null}]},{"displayFrame":[{"duration":20,"tweenEasing":null},{"duration":20,"tweenEasing":null},{"duration":0,"tweenEasing":null}],"name":"outerleg_foot","colorFrame":[{"duration":20,"tweenEasing":0},{"duration":20,"tweenEasing":0},{"duration":0,"tweenEasing":null}]},{"displayFrame":[{"duration":2,"tweenEasing":null},{"duration":20,"tweenEasing":null},{"duration":18,"tweenEasing":null},{"duration":0,"tweenEasing":null}],"name":"outerarm_upper","colorFrame":[{"duration":2,"tweenEasing":0},{"duration":20,"tweenEasing":0},{"duration":18,"tweenEasing":0},{"duration":0,"tweenEasing":null}]},{"displayFrame":[{"duration":20,"tweenEasing":null},{"duration":20,"tweenEasing":null},{"duration":0,"tweenEasing":null}],"name":"outerarm_lower","colorFrame":[{"duration":20,"tweenEasing":0},{"duration":20,"tweenEasing":0},{"duration":0,"tweenEasing":null}]},{"displayFrame":[{"duration":20,"tweenEasing":null},{"duration":20,"tweenEasing":null},{"duration":0,"tweenEasing":null}],"name":"outerarm_hand","colorFrame":[{"duration":20,"tweenEasing":0},{"duration":20,"tweenEasing":0},{"duration":0,"tweenEasing":null}]}],"playTimes":0,"frame":[],"ffd":[],"name":"Standby","bone":[{"translateFrame":[{"duration":20,"tweenEasing":0},{"duration":20,"tweenEasing":0,"y":4},{"duration":0}],"scaleFrame":[{"duration":20,"tweenEasing":0},{"duration":20,"tweenEasing":0},{"duration":0}],"name":"lowerbody","rotateFrame":[{"duration":20,"tweenEasing":0},{"duration":20,"tweenEasing":0},{"duration":0}]},{"translateFrame":[{"duration":20,"tweenEasing":0},{"duration":20,"tweenEasing":0,"y":2.1},{"duration":0}],"scaleFrame":[{"duration":20,"tweenEasing":0},{"duration":20,"tweenEasing":0},{"duration":0}],"name":"upperbody","rotateFrame":[{"duration":20,"tweenEasing":0},{"duration":20,"tweenEasing":0,"rotate":-3.01},{"duration":0}]},{"translateFrame":[{"duration":20,"tweenEasing":0},{"duration":20,"tweenEasing":0,"y":-3.9},{"duration":0}],"scaleFrame":[{"duration":20,"tweenEasing":0},{"duration":20,"tweenEasing":0},{"duration":0}],"name":"outerleg_upper","rotateFrame":[{"duration":20,"tweenEasing":0},{"duration":20,"tweenEasing":0,"rotate":3.25},{"duration":0}]},{"translateFrame":[{"duration":20,"tweenEasing":0},{"duration":20,"tweenEasing":0,"y":-4},{"duration":0}],"scaleFrame":[{"duration":20,"tweenEasing":0},{"duration":20,"tweenEasing":0},{"duration":0}],"name":"innerleg_upper","rotateFrame":[{"duration":20,"tweenEasing":0},{"duration":20,"tweenEasing":0,"rotate":3.75},{"duration":0}]},{"translateFrame":[{"duration":20,"tweenEasing":0},{"duration":20,"tweenEasing":0,"y":0.655,"x":-0.6317},{"duration":0}],"scaleFrame":[{"duration":20,"tweenEasing":0},{"duration":20,"tweenEasing":0},{"duration":0}],"name":"innerleg_lower","rotateFrame":[{"duration":20,"tweenEasing":0},{"duration":20,"tweenEasing":0,"rotate":-6.74},{"duration":0}]},{"translateFrame":[{"duration":4,"tweenEasing":0,"y":0.2793,"x":-0.6053},{"duration":20,"tweenEasing":0},{"duration":16,"tweenEasing":0,"y":1.3964,"x":-3.0264},{"duration":0,"y":0.2793,"x":-0.6053}],"scaleFrame":[{"duration":4,"tweenEasing":0},{"duration":20,"tweenEasing":0},{"duration":16,"tweenEasing":0},{"duration":0}],"name":"head","rotateFrame":[{"duration":4,"tweenEasing":0,"rotate":0.602},{"duration":20,"tweenEasing":0},{"duration":16,"tweenEasing":0,"rotate":3.01},{"duration":0,"rotate":0.602}]},{"translateFrame":[{"duration":20,"tweenEasing":0},{"duration":20,"tweenEasing":0,"y":0.6785,"x":-1.539},{"duration":0}],"scaleFrame":[{"duration":20,"tweenEasing":0},{"duration":20,"tweenEasing":0},{"duration":0}],"name":"outerleg_lower","rotateFrame":[{"duration":20,"tweenEasing":0},{"duration":20,"tweenEasing":0,"rotate":-6.75},{"duration":0}]},{"translateFrame":[{"duration":2,"tweenEasing":0,"y":0.1427,"x":0.0516},{"duration":20,"tweenEasing":0},{"duration":18,"tweenEasing":0,"y":1.427,"x":0.5162},{"duration":0,"y":0.1427,"x":0.0516}],"scaleFrame":[{"duration":2,"tweenEasing":0},{"duration":20,"tweenEasing":0},{"duration":18,"tweenEasing":0},{"duration":0}],"name":"innerarm_upper","rotateFrame":[{"duration":2,"tweenEasing":0,"rotate":-0.228},{"duration":20,"tweenEasing":0},{"duration":18,"tweenEasing":0,"rotate":-2.28},{"duration":0,"rotate":-0.228}]},{"translateFrame":[{"duration":2,"tweenEasing":0,"y":0.2814,"x":-0.4196},{"duration":20,"tweenEasing":0},{"duration":18,"tweenEasing":0,"y":2.8141,"x":-4.1958},{"duration":0,"y":0.2814,"x":-0.4196}],"scaleFrame":[{"duration":2,"tweenEasing":0},{"duration":20,"tweenEasing":0},{"duration":18,"tweenEasing":0},{"duration":0}],"name":"outerarm_upper","rotateFrame":[{"duration":2,"tweenEasing":0,"rotate":0.301},{"duration":20,"tweenEasing":0},{"duration":18,"tweenEasing":0,"rotate":3.01},{"duration":0,"rotate":0.301}]},{"translateFrame":[{"duration":20,"tweenEasing":0},{"duration":20,"tweenEasing":0},{"duration":0}],"scaleFrame":[{"duration":20,"tweenEasing":0},{"duration":20,"tweenEasing":0},{"duration":0}],"name":"outerarm_lower","rotateFrame":[{"duration":20,"tweenEasing":0},{"duration":20,"tweenEasing":0,"rotate":6.51},{"duration":0}]},{"translateFrame":[{"duration":20,"tweenEasing":0},{"duration":20,"tweenEasing":0,"y":-0.0257,"x":0.0381},{"duration":0}],"scaleFrame":[{"duration":20,"tweenEasing":0},{"duration":20,"tweenEasing":0},{"duration":0}],"name":"innerarm_lower","rotateFrame":[{"duration":20,"tweenEasing":0},{"duration":20,"tweenEasing":0,"rotate":-4.49},{"duration":0}]},{"translateFrame":[{"duration":20,"tweenEasing":0},{"duration":20,"tweenEasing":0,"y":-0.3722,"x":-0.6971},{"duration":0}],"scaleFrame":[{"duration":20,"tweenEasing":0},{"duration":20,"tweenEasing":0},{"duration":0}],"name":"outerleg_foot","rotateFrame":[{"duration":20,"tweenEasing":0},{"duration":20,"tweenEasing":0,"rotate":3.5},{"duration":0}]},{"translateFrame":[{"duration":20,"tweenEasing":0},{"duration":20,"tweenEasing":0,"y":2.345,"x":1.2244},{"duration":0}],"scaleFrame":[{"duration":20,"tweenEasing":0},{"duration":20,"tweenEasing":0},{"duration":0}],"name":"innerleg_foot","rotateFrame":[{"duration":20,"tweenEasing":0},{"duration":20,"tweenEasing":0,"rotate":2.99},{"duration":0}]},{"translateFrame":[{"duration":20,"tweenEasing":0},{"duration":20,"tweenEasing":0,"y":0.0396,"x":0.0561},{"duration":0}],"scaleFrame":[{"duration":20,"tweenEasing":0},{"duration":20,"tweenEasing":0},{"duration":0}],"name":"innerarm_hand","rotateFrame":[{"duration":20,"tweenEasing":0},{"duration":20,"tweenEasing":0},{"duration":0}]},{"translateFrame":[{"duration":20,"tweenEasing":0},{"duration":20,"tweenEasing":0,"y":-3.7008,"x":-0.6693},{"duration":0}],"scaleFrame":[{"duration":20,"tweenEasing":0},{"duration":20,"tweenEasing":0},{"duration":0}],"name":"outerarm_hand","rotateFrame":[{"duration":20,"tweenEasing":0},{"duration":20,"tweenEasing":0,"rotate":-21.33},{"duration":0}]}]},{"duration":24,"slot":[{"displayFrame":[{"duration":12,"tweenEasing":null},{"duration":12,"tweenEasing":null},{"duration":0,"tweenEasing":null}],"name":"innerarm_upper","colorFrame":[{"duration":12,"tweenEasing":0},{"duration":12,"tweenEasing":0},{"duration":0,"tweenEasing":null}]},{"displayFrame":[{"duration":12,"tweenEasing":null},{"duration":12,"tweenEasing":null},{"duration":0,"tweenEasing":null}],"name":"innerarm_lower","colorFrame":[{"duration":12,"tweenEasing":0},{"duration":12,"tweenEasing":0},{"duration":0,"tweenEasing":null}]},{"displayFrame":[{"duration":12,"tweenEasing":null},{"duration":12,"tweenEasing":null},{"duration":0,"tweenEasing":null}],"name":"innerarm_hand","colorFrame":[{"duration":12,"tweenEasing":0},{"duration":12,"tweenEasing":0},{"duration":0,"tweenEasing":null}]},{"displayFrame":[{"duration":12,"tweenEasing":null},{"duration":12,"tweenEasing":null},{"duration":0,"tweenEasing":null}],"name":"innerleg_upper","colorFrame":[{"duration":12,"tweenEasing":0},{"duration":12,"tweenEasing":0},{"duration":0,"tweenEasing":null}]},{"displayFrame":[{"duration":24,"tweenEasing":null},{"duration":0,"tweenEasing":null}],"name":"innerleg_lower","colorFrame":[{"duration":24,"tweenEasing":0},{"duration":0,"tweenEasing":null}]},{"displayFrame":[{"duration":12,"tweenEasing":null},{"duration":12,"tweenEasing":null},{"duration":0,"tweenEasing":null}],"name":"innerleg_foot","colorFrame":[{"duration":12,"tweenEasing":0},{"duration":12,"tweenEasing":0},{"duration":0,"tweenEasing":null}]},{"displayFrame":[{"duration":12,"tweenEasing":null},{"duration":12,"tweenEasing":null},{"duration":0,"tweenEasing":null}],"name":"head","colorFrame":[{"duration":12,"tweenEasing":0},{"duration":12,"tweenEasing":0},{"duration":0,"tweenEasing":null}]},{"displayFrame":[{"duration":12,"tweenEasing":null},{"duration":12,"tweenEasing":null},{"duration":0,"tweenEasing":null}],"name":"upperbody","colorFrame":[{"duration":12,"tweenEasing":0},{"duration":12,"tweenEasing":0},{"duration":0,"tweenEasing":null}]},{"displayFrame":[{"duration":8,"tweenEasing":null},{"duration":12,"tweenEasing":null},{"duration":4,"tweenEasing":null},{"duration":0,"tweenEasing":null}],"name":"lowerbody","colorFrame":[{"duration":8,"tweenEasing":0},{"duration":12,"tweenEasing":0},{"duration":4,"tweenEasing":0},{"duration":0,"tweenEasing":null}]},{"displayFrame":[{"duration":12,"tweenEasing":null},{"duration":12,"tweenEasing":null},{"duration":0,"tweenEasing":null}],"name":"outerleg_upper","colorFrame":[{"duration":12,"tweenEasing":0},{"duration":12,"tweenEasing":0},{"duration":0,"tweenEasing":null}]},{"displayFrame":[{"duration":24,"tweenEasing":null},{"duration":0,"tweenEasing":null}],"name":"outerleg_lower","colorFrame":[{"duration":24,"tweenEasing":0},{"duration":0,"tweenEasing":null}]},{"displayFrame":[{"duration":12,"tweenEasing":null},{"duration":12,"tweenEasing":null},{"duration":0,"tweenEasing":null}],"name":"outerleg_foot","colorFrame":[{"duration":12,"tweenEasing":0},{"duration":12,"tweenEasing":0},{"duration":0,"tweenEasing":null}]},{"displayFrame":[{"duration":12,"tweenEasing":null},{"duration":12,"tweenEasing":null},{"duration":0,"tweenEasing":null}],"name":"outerarm_upper","colorFrame":[{"duration":12,"tweenEasing":0},{"duration":12,"tweenEasing":0},{"duration":0,"tweenEasing":null}]},{"displayFrame":[{"duration":12,"tweenEasing":null},{"duration":12,"tweenEasing":null},{"duration":0,"tweenEasing":null}],"name":"outerarm_lower","colorFrame":[{"duration":12,"tweenEasing":0},{"duration":12,"tweenEasing":0},{"duration":0,"tweenEasing":null}]},{"displayFrame":[{"duration":12,"tweenEasing":null},{"duration":12,"tweenEasing":null},{"duration":0,"tweenEasing":null}],"name":"outerarm_hand","colorFrame":[{"duration":12,"tweenEasing":0},{"duration":12,"tweenEasing":0},{"duration":0,"tweenEasing":null}]}],"playTimes":0,"frame":[],"ffd":[],"name":"Walk","bone":[{"translateFrame":[{"duration":2,"tweenEasing":0,"y":12.1582},{"duration":4,"tweenEasing":0,"y":5.5649},{"duration":2,"tweenEasing":0,"y":-3.2242},{"duration":4,"tweenEasing":0},{"duration":2,"tweenEasing":0,"y":12.1582},{"duration":4,"tweenEasing":0,"y":5.5649},{"duration":2,"tweenEasing":0,"y":-3.2242},{"duration":4,"tweenEasing":0},{"duration":0,"y":12.1582}],"scaleFrame":[{"duration":2,"tweenEasing":0},{"duration":4,"tweenEasing":0},{"duration":2,"tweenEasing":0},{"duration":4,"tweenEasing":0},{"duration":2,"tweenEasing":0},{"duration":4,"tweenEasing":0},{"duration":2,"tweenEasing":0},{"duration":4,"tweenEasing":0},{"duration":0}],"name":"lowerbody","rotateFrame":[{"duration":2,"tweenEasing":0},{"duration":4,"tweenEasing":0},{"duration":2,"tweenEasing":0},{"duration":4,"tweenEasing":0},{"duration":2,"tweenEasing":0},{"duration":4,"tweenEasing":0},{"duration":2,"tweenEasing":0},{"duration":4,"tweenEasing":0},{"duration":0}]},{"translateFrame":[{"duration":4,"tweenEasing":0,"y":-9.9,"x":0.1},{"duration":8,"tweenEasing":0,"y":-8.415,"x":0.085},{"duration":4,"tweenEasing":0,"y":-9.9,"x":0.1},{"duration":8,"tweenEasing":0,"y":-8.415,"x":0.085},{"duration":0,"y":-9.9,"x":0.1}],"scaleFrame":[{"duration":4,"tweenEasing":0},{"duration":8,"tweenEasing":0},{"duration":4,"tweenEasing":0},{"duration":8,"tweenEasing":0},{"duration":0}],"name":"upperbody","rotateFrame":[{"duration":4,"tweenEasing":0},{"duration":8,"tweenEasing":0,"rotate":-3.241},{"duration":4,"tweenEasing":0},{"duration":8,"tweenEasing":0,"rotate":-3.241},{"duration":0}]},{"translateFrame":[{"duration":2,"tweenEasing":0,"y":1.3808,"x":-3.0983},{"duration":2,"tweenEasing":0,"y":0.3937,"x":-0.6835},{"duration":2,"tweenEasing":0,"y":-0.0999,"x":0.5238},{"duration":2,"tweenEasing":0,"y":-0.5934,"x":1.7312},{"duration":4,"tweenEasing":0,"y":-1.9096,"x":4.9509},{"duration":2,"tweenEasing":0,"y":-5.2,"x":1.4726},{"duration":2,"tweenEasing":0,"y":-4.405,"x":-0.5483},{"duration":2,"tweenEasing":0,"y":-4.0075,"x":-1.5587},{"duration":2,"tweenEasing":0,"y":-3.61,"x":-2.5692},{"duration":4,"tweenEasing":0,"y":-1.1146,"x":-2.8337},{"duration":0,"y":1.3808,"x":-3.0983}],"scaleFrame":[{"duration":2,"tweenEasing":0},{"duration":2,"tweenEasing":0},{"duration":2,"tweenEasing":0},{"duration":2,"tweenEasing":0},{"duration":4,"tweenEasing":0},{"duration":2,"tweenEasing":0},{"duration":2,"tweenEasing":0},{"duration":2,"tweenEasing":0},{"duration":2,"tweenEasing":0},{"duration":4,"tweenEasing":0},{"duration":0}],"name":"outerleg_upper","rotateFrame":[{"duration":2,"tweenEasing":0,"rotate":34.5744},{"duration":2,"tweenEasing":0,"rotate":30.8719},{"duration":2,"tweenEasing":0,"rotate":17.88},{"duration":2,"tweenEasing":0,"rotate":8.5038},{"duration":4,"tweenEasing":0,"rotate":3.3448},{"duration":2,"tweenEasing":0,"rotate":-6.52},{"duration":2,"tweenEasing":0,"rotate":17.0035},{"duration":2,"tweenEasing":0,"rotate":18.688},{"duration":2,"tweenEasing":0,"rotate":26.8436},{"duration":4,"tweenEasing":0,"rotate":35.4711},{"duration":0,"rotate":34.5744}]},{"translateFrame":[{"duration":2,"tweenEasing":0,"y":-8,"x":15.0342},{"duration":4,"tweenEasing":0,"y":-7.565,"x":11.6991},{"duration":2,"tweenEasing":0,"y":-7.13,"x":8.364},{"duration":4,"tweenEasing":0,"y":-6.55,"x":3.9171},{"duration":2,"tweenEasing":0,"y":-3.3068,"x":0.4849},{"duration":2,"tweenEasing":0,"y":1.0612,"x":4.0122},{"duration":2,"tweenEasing":0,"y":0.2617,"x":5.7758},{"duration":2,"tweenEasing":0,"y":-0.5378,"x":7.5395},{"duration":4,"tweenEasing":0,"y":0.8544,"x":11.2868},{"duration":0,"y":-8,"x":15.0342}],"scaleFrame":[{"duration":2,"tweenEasing":0},{"duration":4,"tweenEasing":0},{"duration":2,"tweenEasing":0},{"duration":4,"tweenEasing":0},{"duration":2,"tweenEasing":0},{"duration":2,"tweenEasing":0},{"duration":2,"tweenEasing":0},{"duration":2,"tweenEasing":0},{"duration":4,"tweenEasing":0},{"duration":0}],"name":"innerleg_upper","rotateFrame":[{"duration":2,"tweenEasing":0,"rotate":-17.4537},{"duration":4,"tweenEasing":0,"rotate":-3.4812},{"duration":2,"tweenEasing":0,"rotate":6.7083},{"duration":4,"tweenEasing":0,"rotate":12.0223},{"duration":2,"tweenEasing":0,"rotate":16.2942},{"duration":2,"tweenEasing":0,"rotate":9.1191},{"duration":2,"tweenEasing":0,"rotate":-5.16},{"duration":2,"tweenEasing":0,"rotate":-11.6177},{"duration":4,"tweenEasing":0,"rotate":-17.1323},{"duration":0,"rotate":-17.4537}]},{"translateFrame":[{"duration":2,"tweenEasing":0,"y":-1.9255,"x":1.903},{"duration":4,"tweenEasing":0,"y":-1.303,"x":1.9574},{"duration":2,"tweenEasing":0,"y":-0.6805,"x":2.0117},{"duration":4,"tweenEasing":0,"y":0.1495,"x":2.0843},{"duration":2,"tweenEasing":0,"y":-1.0955,"x":1.9755},{"duration":2,"tweenEasing":0,"y":-1.718,"x":1.9211},{"duration":2,"tweenEasing":0,"y":-2.0293,"x":1.8939},{"duration":2,"tweenEasing":0,"y":-2.3405,"x":1.8667},{"duration":4,"tweenEasing":0,"y":-2.133,"x":1.8848},{"duration":0,"y":-1.9255,"x":1.903}],"scaleFrame":[{"duration":2,"tweenEasing":0},{"duration":4,"tweenEasing":0},{"duration":2,"tweenEasing":0},{"duration":4,"tweenEasing":0},{"duration":2,"tweenEasing":0},{"duration":2,"tweenEasing":0},{"duration":2,"tweenEasing":0},{"duration":2,"tweenEasing":0},{"duration":4,"tweenEasing":0},{"duration":0}],"name":"innerleg_lower","rotateFrame":[{"duration":2,"tweenEasing":0,"rotate":0.1953},{"duration":4,"tweenEasing":0,"rotate":-40.1433},{"duration":2,"tweenEasing":0,"rotate":-35.7902},{"duration":4,"tweenEasing":0,"rotate":-26.1125},{"duration":2,"tweenEasing":0,"rotate":3.0582},{"duration":2,"tweenEasing":0,"rotate":-9.4719},{"duration":2,"tweenEasing":0,"rotate":1.9131},{"duration":2,"tweenEasing":0,"rotate":7.0513},{"duration":4,"tweenEasing":0,"rotate":6.943},{"duration":0,"rotate":0.1953}]},{"translateFrame":[{"duration":4,"tweenEasing":0,"y":-1.9617,"x":5.2868},{"duration":8,"tweenEasing":0,"y":-1.9617,"x":5.2868},{"duration":4,"tweenEasing":0,"y":-1.9617,"x":5.2868},{"duration":8,"tweenEasing":0,"y":-1.9617,"x":5.2868},{"duration":0,"y":-1.9617,"x":5.2868}],"scaleFrame":[{"duration":4,"tweenEasing":0},{"duration":8,"tweenEasing":0},{"duration":4,"tweenEasing":0},{"duration":8,"tweenEasing":0},{"duration":0}],"name":"head","rotateFrame":[{"duration":4,"tweenEasing":0,"rotate":8.71},{"duration":8,"tweenEasing":0,"rotate":16.2015},{"duration":4,"tweenEasing":0,"rotate":8.71},{"duration":8,"tweenEasing":0,"rotate":16.2015},{"duration":0,"rotate":8.71}]},{"translateFrame":[{"duration":2,"tweenEasing":0,"y":-1.7403,"x":-1.4719},{"duration":2,"tweenEasing":0,"y":-2.0334,"x":-2.0604},{"duration":2,"tweenEasing":0,"y":-2.18,"x":-2.3547},{"duration":2,"tweenEasing":0,"y":-2.3265,"x":-2.649},{"duration":4,"tweenEasing":0,"y":-2.7174,"x":-3.4337},{"duration":2,"tweenEasing":0,"y":-2.1311,"x":-2.2566},{"duration":2,"tweenEasing":0,"y":-1.838,"x":-1.6681},{"duration":2,"tweenEasing":0,"y":-1.8217,"x":-1.6354},{"duration":2,"tweenEasing":0,"y":-1.8054,"x":-1.6027},{"duration":4,"tweenEasing":0,"y":-1.7729,"x":-1.5373},{"duration":0,"y":-1.7403,"x":-1.4719}],"scaleFrame":[{"duration":2,"tweenEasing":0},{"duration":2,"tweenEasing":0},{"duration":2,"tweenEasing":0},{"duration":2,"tweenEasing":0},{"duration":4,"tweenEasing":0},{"duration":2,"tweenEasing":0},{"duration":2,"tweenEasing":0},{"duration":2,"tweenEasing":0},{"duration":2,"tweenEasing":0},{"duration":4,"tweenEasing":0},{"duration":0}],"name":"outerleg_lower","rotateFrame":[{"duration":2,"tweenEasing":0,"rotate":-8.0509},{"duration":2,"tweenEasing":0,"rotate":-23.3863},{"duration":2,"tweenEasing":0,"rotate":-12.2742},{"duration":2,"tweenEasing":0,"rotate":-7.4038},{"duration":4,"tweenEasing":0,"rotate":-6.6669},{"duration":2,"tweenEasing":0,"rotate":-12.7407},{"duration":2,"tweenEasing":0,"rotate":-56.2066},{"duration":2,"tweenEasing":0,"rotate":-47.6095},{"duration":2,"tweenEasing":0,"rotate":-41.844},{"duration":4,"tweenEasing":0,"rotate":-40.1254},{"duration":0,"rotate":-8.0509}]},{"translateFrame":[{"duration":12,"tweenEasing":0,"y":11.0472,"x":12.7404},{"duration":12,"tweenEasing":0,"y":24.9144,"x":6.1205},{"duration":0,"y":11.0472,"x":12.7404}],"scaleFrame":[{"duration":12,"tweenEasing":0},{"duration":12,"tweenEasing":0},{"duration":0}],"name":"innerarm_upper","rotateFrame":[{"duration":12,"tweenEasing":0,"rotate":1.47},{"duration":12,"tweenEasing":0,"rotate":-58.44},{"duration":0,"rotate":1.47}]},{"translateFrame":[{"duration":12,"tweenEasing":0,"y":-11.9735,"x":-6.7702},{"duration":12,"tweenEasing":0,"y":-18.4525,"x":-19.1552},{"duration":0,"y":-11.9735,"x":-6.7702}],"scaleFrame":[{"duration":12,"tweenEasing":0},{"duration":12,"tweenEasing":0},{"duration":0}],"name":"outerarm_upper","rotateFrame":[{"duration":12,"tweenEasing":0,"rotate":-14.82},{"duration":12,"tweenEasing":0,"rotate":37.62},{"duration":0,"rotate":-14.82}]},{"translateFrame":[{"duration":8,"tweenEasing":0,"y":2.401,"x":2.3184},{"duration":4,"tweenEasing":0,"y":1.9965,"x":1.8735},{"duration":6,"tweenEasing":0,"y":1.592,"x":1.4285},{"duration":2,"tweenEasing":0,"y":1.8347,"x":1.6955},{"duration":4,"tweenEasing":0,"y":1.9965,"x":1.8735},{"duration":0,"y":2.401,"x":2.3184}],"scaleFrame":[{"duration":8,"tweenEasing":0},{"duration":4,"tweenEasing":0},{"duration":6,"tweenEasing":0},{"duration":2,"tweenEasing":0},{"duration":4,"tweenEasing":0},{"duration":0}],"name":"innerleg_foot","rotateFrame":[{"duration":8,"tweenEasing":0,"rotate":11.2026},{"duration":4,"tweenEasing":0,"rotate":7.4358},{"duration":6,"tweenEasing":0,"rotate":2.7447},{"duration":2,"tweenEasing":0,"rotate":3.8983},{"duration":4,"tweenEasing":0,"rotate":8.1624},{"duration":0,"rotate":11.2026}]},{"translateFrame":[{"duration":12,"tweenEasing":0,"y":2.7453,"x":1.901},{"duration":12,"tweenEasing":0,"y":-1.8287,"x":0.9811},{"duration":0,"y":2.7453,"x":1.901}],"scaleFrame":[{"duration":12,"tweenEasing":0},{"duration":12,"tweenEasing":0},{"duration":0}],"name":"innerarm_lower","rotateFrame":[{"duration":12,"tweenEasing":0,"rotate":19.9},{"duration":12,"tweenEasing":0,"rotate":-10.19},{"duration":0,"rotate":19.9}]},{"translateFrame":[{"duration":2,"tweenEasing":0,"y":-3.2469,"x":-4.806},{"duration":6,"tweenEasing":0,"y":-2.8493,"x":-4.6269},{"duration":4,"tweenEasing":0,"y":-1.9215,"x":-4.2089},{"duration":12,"tweenEasing":0,"y":-0.5962,"x":-3.6118},{"duration":0,"y":-3.2469,"x":-4.806}],"scaleFrame":[{"duration":2,"tweenEasing":0},{"duration":6,"tweenEasing":0},{"duration":4,"tweenEasing":0},{"duration":12,"tweenEasing":0},{"duration":0}],"name":"outerleg_foot","rotateFrame":[{"duration":2,"tweenEasing":0,"rotate":-10.441},{"duration":6,"tweenEasing":0,"rotate":-8.9723},{"duration":4,"tweenEasing":0,"rotate":2.1971},{"duration":12,"tweenEasing":0,"rotate":6.2048},{"duration":0,"rotate":-10.441}]},{"translateFrame":[{"duration":12,"tweenEasing":0,"y":2.2299,"x":3.1675},{"duration":12,"tweenEasing":0,"y":-0.0475,"x":-0.2735},{"duration":0,"y":2.2299,"x":3.1675}],"scaleFrame":[{"duration":12,"tweenEasing":0},{"duration":12,"tweenEasing":0},{"duration":0}],"name":"outerarm_lower","rotateFrame":[{"duration":12,"tweenEasing":0,"rotate":-19.79},{"duration":12,"tweenEasing":0},{"duration":0,"rotate":-19.79}]},{"translateFrame":[{"duration":12,"tweenEasing":0,"y":2.9631,"x":-3.6253},{"duration":12,"tweenEasing":0,"y":2.9864,"x":-3.7692},{"duration":0,"y":2.9631,"x":-3.6253}],"scaleFrame":[{"duration":12,"tweenEasing":0},{"duration":12,"tweenEasing":0},{"duration":0}],"name":"innerarm_hand","rotateFrame":[{"duration":12,"tweenEasing":0,"rotate":30.1},{"duration":12,"tweenEasing":0,"rotate":-15.03},{"duration":0,"rotate":30.1}]},{"translateFrame":[{"duration":12,"tweenEasing":0,"y":0.0816,"x":0.1648},{"duration":12,"tweenEasing":0,"y":-0.0713,"x":-0.0848},{"duration":0,"y":0.0816,"x":0.1648}],"scaleFrame":[{"duration":12,"tweenEasing":0},{"duration":12,"tweenEasing":0},{"duration":0}],"name":"outerarm_hand","rotateFrame":[{"duration":12,"tweenEasing":0,"rotate":-30.09},{"duration":12,"tweenEasing":0,"rotate":15.05},{"duration":0,"rotate":-30.09}]}]},{"duration":24,"slot":[{"displayFrame":[{"duration":12,"tweenEasing":null},{"duration":12,"tweenEasing":null},{"duration":0,"tweenEasing":null}],"name":"innerarm_upper","colorFrame":[{"duration":12,"tweenEasing":0},{"duration":12,"tweenEasing":0},{"duration":0,"tweenEasing":null}]},{"displayFrame":[{"duration":12,"tweenEasing":null},{"duration":12,"tweenEasing":null},{"duration":0,"tweenEasing":null}],"name":"innerarm_lower","colorFrame":[{"duration":12,"tweenEasing":0},{"duration":12,"tweenEasing":0},{"duration":0,"tweenEasing":null}]},{"displayFrame":[{"duration":12,"tweenEasing":null},{"duration":12,"tweenEasing":null},{"duration":0,"tweenEasing":null}],"name":"innerarm_hand","colorFrame":[{"duration":12,"tweenEasing":0},{"duration":12,"tweenEasing":0},{"duration":0,"tweenEasing":null}]},{"displayFrame":[{"duration":12,"tweenEasing":null},{"duration":12,"tweenEasing":null},{"duration":0,"tweenEasing":null}],"name":"innerleg_upper","colorFrame":[{"duration":12,"tweenEasing":0},{"duration":12,"tweenEasing":0},{"duration":0,"tweenEasing":null}]},{"displayFrame":[{"duration":12,"tweenEasing":null},{"duration":12,"tweenEasing":null},{"duration":0,"tweenEasing":null}],"name":"innerleg_lower","colorFrame":[{"duration":12,"tweenEasing":0},{"duration":12,"tweenEasing":0},{"duration":0,"tweenEasing":null}]},{"displayFrame":[{"duration":12,"tweenEasing":null},{"duration":12,"tweenEasing":null},{"duration":0,"tweenEasing":null}],"name":"innerleg_foot","colorFrame":[{"duration":12,"tweenEasing":0},{"duration":12,"tweenEasing":0},{"duration":0,"tweenEasing":null}]},{"displayFrame":[{"duration":12,"tweenEasing":null},{"duration":12,"tweenEasing":null},{"duration":0,"tweenEasing":null}],"name":"head","colorFrame":[{"duration":12,"tweenEasing":0},{"duration":12,"tweenEasing":0},{"duration":0,"tweenEasing":null}]},{"displayFrame":[{"duration":12,"tweenEasing":null},{"duration":12,"tweenEasing":null},{"duration":0,"tweenEasing":null}],"name":"upperbody","colorFrame":[{"duration":12,"tweenEasing":0},{"duration":12,"tweenEasing":0},{"duration":0,"tweenEasing":null}]},{"displayFrame":[{"duration":12,"tweenEasing":null},{"duration":12,"tweenEasing":null},{"duration":0,"tweenEasing":null}],"name":"lowerbody","colorFrame":[{"duration":12,"tweenEasing":0},{"duration":12,"tweenEasing":0},{"duration":0,"tweenEasing":null}]},{"displayFrame":[{"duration":12,"tweenEasing":null},{"duration":12,"tweenEasing":null},{"duration":0,"tweenEasing":null}],"name":"outerleg_upper","colorFrame":[{"duration":12,"tweenEasing":0},{"duration":12,"tweenEasing":0},{"duration":0,"tweenEasing":null}]},{"displayFrame":[{"duration":12,"tweenEasing":null},{"duration":12,"tweenEasing":null},{"duration":0,"tweenEasing":null}],"name":"outerleg_lower","colorFrame":[{"duration":12,"tweenEasing":0},{"duration":12,"tweenEasing":0},{"duration":0,"tweenEasing":null}]},{"displayFrame":[{"duration":12,"tweenEasing":null},{"duration":12,"tweenEasing":null},{"duration":0,"tweenEasing":null}],"name":"outerleg_foot","colorFrame":[{"duration":12,"tweenEasing":0},{"duration":12,"tweenEasing":0},{"duration":0,"tweenEasing":null}]},{"displayFrame":[{"duration":12,"tweenEasing":null},{"duration":12,"tweenEasing":null},{"duration":0,"tweenEasing":null}],"name":"outerarm_upper","colorFrame":[{"duration":12,"tweenEasing":0},{"duration":12,"tweenEasing":0},{"duration":0,"tweenEasing":null}]},{"displayFrame":[{"duration":12,"tweenEasing":null},{"duration":12,"tweenEasing":null},{"duration":0,"tweenEasing":null}],"name":"outerarm_lower","colorFrame":[{"duration":12,"tweenEasing":0},{"duration":12,"tweenEasing":0},{"duration":0,"tweenEasing":null}]},{"displayFrame":[{"duration":12,"tweenEasing":null},{"duration":12,"tweenEasing":null},{"duration":0,"tweenEasing":null}],"name":"outerarm_hand","colorFrame":[{"duration":12,"tweenEasing":0},{"duration":12,"tweenEasing":0},{"duration":0,"tweenEasing":null}]}],"playTimes":0,"frame":[],"ffd":[],"name":"Run","bone":[{"translateFrame":[{"duration":4,"tweenEasing":0,"y":-2.6576,"x":0.1},{"duration":1,"tweenEasing":0,"y":33.2054,"x":0.1},{"duration":7,"tweenEasing":0,"y":13.8508,"x":0.1},{"duration":4,"tweenEasing":0,"y":-2.6576,"x":0.1},{"duration":1,"tweenEasing":0,"y":33.2054,"x":0.1},{"duration":7,"tweenEasing":0,"y":13.8508,"x":0.1},{"duration":0,"y":-2.6576,"x":0.1}],"scaleFrame":[{"duration":4,"tweenEasing":0},{"duration":1,"tweenEasing":0},{"duration":7,"tweenEasing":0},{"duration":4,"tweenEasing":0},{"duration":1,"tweenEasing":0},{"duration":7,"tweenEasing":0},{"duration":0}],"name":"lowerbody","rotateFrame":[{"duration":4,"tweenEasing":0,"rotate":-21.7702},{"duration":1,"tweenEasing":0,"rotate":-14.82},{"duration":7,"tweenEasing":0,"rotate":-14.82},{"duration":4,"tweenEasing":0,"rotate":-21.7702},{"duration":1,"tweenEasing":0,"rotate":-14.82},{"duration":7,"tweenEasing":0,"rotate":-14.82},{"duration":0,"rotate":-21.7702}]},{"translateFrame":[{"duration":4,"tweenEasing":0,"y":-0.4501,"x":3.6774},{"duration":8,"tweenEasing":0,"y":-0.4501,"x":3.6774},{"duration":4,"tweenEasing":0,"y":-0.4501,"x":3.6774},{"duration":8,"tweenEasing":0,"y":-0.4501,"x":3.6774},{"duration":0,"y":-0.4501,"x":3.6774}],"scaleFrame":[{"duration":4,"tweenEasing":0},{"duration":8,"tweenEasing":0},{"duration":4,"tweenEasing":0},{"duration":8,"tweenEasing":0},{"duration":0}],"name":"upperbody","rotateFrame":[{"duration":4,"tweenEasing":0,"rotate":3.9573},{"duration":8,"tweenEasing":0,"rotate":-1.0742},{"duration":4,"tweenEasing":0,"rotate":3.9573},{"duration":8,"tweenEasing":0,"rotate":-1.0742},{"duration":0,"rotate":3.9573}]},{"translateFrame":[{"duration":4,"tweenEasing":0,"y":3.409,"x":4.7049},{"duration":2,"tweenEasing":0,"y":2.2985,"x":3.0113},{"duration":6,"tweenEasing":0,"y":0.2051,"x":-2.3968},{"duration":4,"tweenEasing":0,"y":-1.0331,"x":-2.0692},{"duration":2,"tweenEasing":0,"y":-1.1608,"x":-0.0481},{"duration":6,"tweenEasing":0,"y":0.3625,"x":1.5362},{"duration":0,"y":3.409,"x":4.7049}],"scaleFrame":[{"duration":4,"tweenEasing":0},{"duration":2,"tweenEasing":0},{"duration":6,"tweenEasing":0},{"duration":4,"tweenEasing":0},{"duration":2,"tweenEasing":0},{"duration":6,"tweenEasing":0},{"duration":0}],"name":"outerleg_upper","rotateFrame":[{"duration":4,"tweenEasing":0,"rotate":89.6984},{"duration":2,"tweenEasing":0,"rotate":63.9816},{"duration":6,"tweenEasing":0,"rotate":8.6656},{"duration":4,"tweenEasing":0,"rotate":-1.0933},{"duration":2,"tweenEasing":0,"rotate":37.0114},{"duration":6,"tweenEasing":0,"rotate":55.756},{"duration":0,"rotate":89.6984}]},{"translateFrame":[{"duration":4,"tweenEasing":0,"y":-10.3455,"x":5.1751},{"duration":2,"tweenEasing":0,"y":-8.4077,"x":6.302},{"duration":6,"tweenEasing":0,"y":-6.47,"x":7.4289},{"duration":4,"tweenEasing":0,"y":-2.5946,"x":9.6826},{"duration":2,"tweenEasing":0,"y":7.8498,"x":5.2796},{"duration":6,"tweenEasing":0,"y":1.7847,"x":5.2448},{"duration":0,"y":-10.3455,"x":5.1751}],"scaleFrame":[{"duration":4,"tweenEasing":0},{"duration":2,"tweenEasing":0},{"duration":6,"tweenEasing":0},{"duration":4,"tweenEasing":0},{"duration":2,"tweenEasing":0},{"duration":6,"tweenEasing":0},{"duration":0}],"name":"innerleg_upper","rotateFrame":[{"duration":4,"tweenEasing":0,"rotate":-26.3559},{"duration":2,"tweenEasing":0,"rotate":20.2974},{"duration":6,"tweenEasing":0,"rotate":41.113},{"duration":4,"tweenEasing":0,"rotate":65.1605},{"duration":2,"tweenEasing":0,"rotate":37.385},{"duration":6,"tweenEasing":0,"rotate":-17.2014},{"duration":0,"rotate":-26.3559}]},{"translateFrame":[{"duration":4,"tweenEasing":0,"y":-1.2054,"x":-0.1232},{"duration":2,"tweenEasing":0,"y":-1.2054,"x":-0.1232},{"duration":6,"tweenEasing":0,"y":-1.2054,"x":-0.1232},{"duration":4,"tweenEasing":0,"y":-1.2054,"x":-0.1232},{"duration":2,"tweenEasing":0,"y":-1.2054,"x":-0.1232},{"duration":6,"tweenEasing":0,"y":-1.2054,"x":-0.1232},{"duration":0,"y":-1.2054,"x":-0.1232}],"scaleFrame":[{"duration":4,"tweenEasing":0},{"duration":2,"tweenEasing":0},{"duration":6,"tweenEasing":0},{"duration":4,"tweenEasing":0},{"duration":2,"tweenEasing":0},{"duration":6,"tweenEasing":0},{"duration":0}],"name":"innerleg_lower","rotateFrame":[{"duration":4,"tweenEasing":0,"rotate":-83.0333},{"duration":2,"tweenEasing":0,"rotate":-83.2241},{"duration":6,"tweenEasing":0,"rotate":-101.2142},{"duration":4,"tweenEasing":0,"rotate":7.7877},{"duration":2,"tweenEasing":0,"rotate":-46.2958},{"duration":6,"tweenEasing":0,"rotate":-0.6772},{"duration":0,"rotate":-83.0333}]},{"translateFrame":[{"duration":4,"tweenEasing":0,"y":-1.7148,"x":-7.1336},{"duration":8,"tweenEasing":0,"y":-1.7148,"x":-7.1336},{"duration":4,"tweenEasing":0,"y":-1.7148,"x":-7.1336},{"duration":8,"tweenEasing":0,"y":-1.7148,"x":-7.1336},{"duration":0,"y":-1.7148,"x":-7.1336}],"scaleFrame":[{"duration":4,"tweenEasing":0},{"duration":8,"tweenEasing":0},{"duration":4,"tweenEasing":0},{"duration":8,"tweenEasing":0},{"duration":0}],"name":"head","rotateFrame":[{"duration":4,"tweenEasing":0,"rotate":13.568},{"duration":8,"tweenEasing":0,"rotate":26.4867},{"duration":4,"tweenEasing":0,"rotate":13.568},{"duration":8,"tweenEasing":0,"rotate":26.4867},{"duration":0,"rotate":13.568}]},{"translateFrame":[{"duration":4,"tweenEasing":0,"y":-2.4543,"x":2.2839},{"duration":2,"tweenEasing":0,"y":-2.4543,"x":2.2839},{"duration":6,"tweenEasing":0,"y":-2.4543,"x":2.2839},{"duration":4,"tweenEasing":0,"y":-2.4543,"x":2.2839},{"duration":2,"tweenEasing":0,"y":-2.4543,"x":2.2839},{"duration":6,"tweenEasing":0,"y":-2.4543,"x":2.2839},{"duration":0,"y":-2.4543,"x":2.2839}],"scaleFrame":[{"duration":4,"tweenEasing":0},{"duration":2,"tweenEasing":0},{"duration":6,"tweenEasing":0},{"duration":4,"tweenEasing":0},{"duration":2,"tweenEasing":0},{"duration":6,"tweenEasing":0},{"duration":0}],"name":"outerleg_lower","rotateFrame":[{"duration":4,"tweenEasing":0,"rotate":-11.5959},{"duration":2,"tweenEasing":0,"rotate":-58.4494},{"duration":6,"tweenEasing":0,"rotate":-21.5358},{"duration":4,"tweenEasing":0,"rotate":-95.6821},{"duration":2,"tweenEasing":0,"rotate":-103.4438},{"duration":6,"tweenEasing":0,"rotate":-111.8947},{"duration":0,"rotate":-11.5959}]},{"translateFrame":[{"duration":12,"tweenEasing":0,"y":-10.2709,"x":-2.612},{"duration":12,"tweenEasing":0,"y":38.7967,"x":13.4708},{"duration":0,"y":-10.2709,"x":-2.612}],"scaleFrame":[{"duration":12,"tweenEasing":0},{"duration":12,"tweenEasing":0},{"duration":0}],"name":"innerarm_upper","rotateFrame":[{"duration":12,"tweenEasing":0,"rotate":74.91},{"duration":12,"tweenEasing":0,"rotate":-101.1737},{"duration":0,"rotate":74.91}]},{"translateFrame":[{"duration":12,"tweenEasing":0,"y":-12.9779,"x":-20.3784},{"duration":12,"tweenEasing":0,"y":-29.2958,"x":-20.5171},{"duration":0,"y":-12.9779,"x":-20.3784}],"scaleFrame":[{"duration":12,"tweenEasing":0},{"duration":12,"tweenEasing":0},{"duration":0}],"name":"outerarm_upper","rotateFrame":[{"duration":12,"tweenEasing":0,"rotate":-64.66},{"duration":12,"tweenEasing":0,"rotate":100.5596},{"duration":0,"rotate":-64.66}]},{"translateFrame":[{"duration":12,"tweenEasing":0,"y":3.1834,"x":0.3447},{"duration":3,"tweenEasing":0,"y":3.1834,"x":0.3447},{"duration":1,"tweenEasing":0,"y":3.1834,"x":0.3447},{"duration":8,"tweenEasing":0,"y":3.1834,"x":0.3447},{"duration":0,"y":3.1834,"x":0.3447}],"scaleFrame":[{"duration":12,"tweenEasing":0},{"duration":3,"tweenEasing":0},{"duration":1,"tweenEasing":0},{"duration":8,"tweenEasing":0},{"duration":0}],"name":"innerleg_foot","rotateFrame":[{"duration":12,"tweenEasing":0,"rotate":1.5435},{"duration":3,"tweenEasing":0,"rotate":1.5435},{"duration":1,"tweenEasing":0,"rotate":5.4557},{"duration":8,"tweenEasing":0,"rotate":22.1759},{"duration":0,"rotate":1.5435}]},{"translateFrame":[{"duration":12,"tweenEasing":0,"y":8.8095,"x":1.2962},{"duration":12,"tweenEasing":0,"y":8.8095,"x":1.2962},{"duration":0,"y":8.8095,"x":1.2962}],"scaleFrame":[{"duration":12,"tweenEasing":0},{"duration":12,"tweenEasing":0},{"duration":0}],"name":"innerarm_lower","rotateFrame":[{"duration":12,"tweenEasing":0,"rotate":76.03},{"duration":12,"tweenEasing":0,"rotate":55.9034},{"duration":0,"rotate":76.03}]},{"translateFrame":[{"duration":3,"tweenEasing":0,"y":2.1372,"x":-5.0942},{"duration":1,"tweenEasing":0,"y":2.1372,"x":-5.0942},{"duration":2,"tweenEasing":0,"y":2.1372,"x":-5.0942},{"duration":6,"tweenEasing":0,"y":2.1372,"x":-5.0942},{"duration":12,"tweenEasing":0,"y":2.1372,"x":-5.0942},{"duration":0,"y":2.1372,"x":-5.0942}],"scaleFrame":[{"duration":3,"tweenEasing":0},{"duration":1,"tweenEasing":0},{"duration":2,"tweenEasing":0},{"duration":6,"tweenEasing":0},{"duration":12,"tweenEasing":0},{"duration":0}],"name":"outerleg_foot","rotateFrame":[{"duration":3,"tweenEasing":0,"rotate":-2.5218},{"duration":1,"tweenEasing":0,"rotate":-3.8715},{"duration":2,"tweenEasing":0,"rotate":8.0435},{"duration":6,"tweenEasing":0,"rotate":17.8527},{"duration":12,"tweenEasing":0,"rotate":-2.5218},{"duration":0,"rotate":-2.5218}]},{"translateFrame":[{"duration":12,"tweenEasing":0,"y":6.4089,"x":-2.9541},{"duration":12,"tweenEasing":0,"y":6.4089,"x":-2.9541},{"duration":0,"y":6.4089,"x":-2.9541}],"scaleFrame":[{"duration":12,"tweenEasing":0},{"duration":12,"tweenEasing":0},{"duration":0}],"name":"outerarm_lower","rotateFrame":[{"duration":12,"tweenEasing":0,"rotate":54.6},{"duration":12,"tweenEasing":0,"rotate":71.0192},{"duration":0,"rotate":54.6}]},{"translateFrame":[{"duration":12,"tweenEasing":0,"y":0.2247,"x":-2.9434},{"duration":12,"tweenEasing":0,"y":0.2247,"x":-2.9434},{"duration":0,"y":0.2247,"x":-2.9434}],"scaleFrame":[{"duration":12,"tweenEasing":0},{"duration":12,"tweenEasing":0},{"duration":0}],"name":"innerarm_hand","rotateFrame":[{"duration":12,"tweenEasing":0,"rotate":29.88},{"duration":12,"tweenEasing":0,"rotate":-29.5178},{"duration":0,"rotate":29.88}]},{"translateFrame":[{"duration":12,"tweenEasing":0,"y":-4.0822,"x":-0.5208},{"duration":12,"tweenEasing":0,"y":-4.0822,"x":-0.5208},{"duration":0,"y":-4.0822,"x":-0.5208}],"scaleFrame":[{"duration":12,"tweenEasing":0},{"duration":12,"tweenEasing":0},{"duration":0}],"name":"outerarm_hand","rotateFrame":[{"duration":12,"tweenEasing":0,"rotate":-45.13},{"duration":12,"tweenEasing":0,"rotate":26.8627},{"duration":0,"rotate":-45.13}]}]}],"type":"armature","bone":[{"name":"lowerbody","transform":{"y":-17.25,"x":0.25}},{"length":170,"transform":{"y":-13.9,"skX":-84.7092,"skY":-84.7092,"x":-10.7},"parent":"lowerbody","name":"upperbody"},{"length":150,"transform":{"y":45.35,"skX":81.109,"skY":81.109,"x":8.35},"parent":"lowerbody","name":"outerleg_upper"},{"length":150,"transform":{"scY":0.96,"y":55.25,"skX":102.9523,"scX":0.96,"skY":102.9523,"x":-1.65},"parent":"lowerbody","name":"innerleg_upper"},{"length":180,"transform":{"y":-0.1532,"skX":-13.2332,"skY":-13.2332,"x":152.1707},"parent":"innerleg_upper","name":"innerleg_lower"},{"length":100,"transform":{"y":-1.5464,"skX":-21.6304,"skY":-21.6304,"x":165.8138},"parent":"upperbody","name":"head"},{"length":180,"transform":{"y":0.1975,"skX":1.94,"skY":1.94,"x":153.3116},"parent":"outerleg_upper","name":"outerleg_lower"},{"length":100,"transform":{"scY":0.97,"y":-36.4244,"skX":-166.1725,"scX":0.97,"skY":-166.1725,"x":119.5004},"parent":"upperbody","name":"innerarm_upper"},{"length":100,"transform":{"y":29.9857,"skX":155.9757,"skY":155.9757,"x":150.6568},"parent":"upperbody","name":"outerarm_upper"},{"length":50,"transform":{"y":0.2409,"skX":55.4056,"skY":55.4056,"x":176.6676},"parent":"innerleg_lower","name":"innerleg_foot"},{"length":120,"transform":{"y":0.6441,"skX":29.9901,"skY":29.9901,"x":96.3499},"parent":"innerarm_upper","name":"innerarm_lower"},{"length":50,"transform":{"y":-0.6816,"skX":60.0385,"skY":60.0385,"x":179.5018},"parent":"outerleg_lower","name":"outerleg_foot"},{"length":120,"transform":{"y":-0.7574,"skX":24.1074,"skY":24.1074,"x":97.4034},"parent":"outerarm_upper","name":"outerarm_lower"},{"length":50,"transform":{"y":0.4166,"skX":-1.0232,"skY":-1.0232,"x":116.7025},"parent":"innerarm_lower","name":"innerarm_hand"},{"length":50,"transform":{"y":0.5213,"skX":13.6636,"skY":13.6636,"x":122.5876},"parent":"outerarm_lower","name":"outerarm_hand"}],"ik":[],"frameRate":24,"defaultActions":[{"gotoAndPlay":"Standby"}],"slot":[{"name":"innerarm_upper","parent":"innerarm_upper","color":{}},{"z":1,"name":"innerarm_lower","parent":"innerarm_lower","color":{}},{"z":2,"name":"innerarm_hand","parent":"innerarm_hand","color":{}},{"z":3,"name":"innerleg_upper","parent":"innerleg_upper","color":{}},{"z":4,"name":"innerleg_lower","parent":"innerleg_lower","color":{}},{"z":5,"name":"innerleg_foot","parent":"innerleg_foot","color":{}},{"z":6,"name":"head","parent":"head","color":{}},{"z":7,"name":"upperbody","parent":"upperbody","color":{}},{"z":8,"name":"lowerbody","parent":"lowerbody","color":{}},{"z":9,"name":"outerleg_upper","parent":"outerleg_upper","color":{}},{"z":10,"name":"outerleg_lower","parent":"outerleg_lower","color":{}},{"z":11,"name":"outerleg_foot","parent":"outerleg_foot","color":{}},{"z":12,"name":"outerarm_upper","parent":"outerarm_upper","color":{}},{"z":13,"name":"outerarm_lower","parent":"outerarm_lower","color":{}},{"z":14,"name":"outerarm_hand","parent":"outerarm_hand","color":{}}],"name":"robot","aabb":{"x":-188.8394414060851,"y":-305.099944713049,"width":271.0396139003599,"height":701.8549385721929}}],"name":"Bicycle","isGlobal":0}