{"imagePath":"Bicycle_tex.png","SubTexture":[{"frameWidth":76,"y":520,"frameHeight":128,"frameX":0,"height":127,"frameY":0,"width":76,"name":"robotFolder/arm_upper","x":1344},{"x":2007,"y":1,"width":38,"name":"robotFolder/arm_lower","height":138},{"frameWidth":36,"y":496,"frameHeight":76,"frameX":0,"height":75,"frameY":0,"width":36,"name":"robotFolder/arm_hand","x":1993},{"x":1969,"y":312,"width":74,"name":"robotFolder/leg_upper","height":182},{"frameWidth":70,"y":312,"frameHeight":206,"frameX":0,"height":206,"frameY":0,"width":69,"name":"robotFolder/leg_lower","x":1898},{"frameWidth":82,"y":520,"frameHeight":44,"frameX":0,"height":43,"frameY":0,"width":82,"name":"robotFolder/leg_foot","x":1512},{"x":1257,"y":520,"width":85,"name":"脚蹬","height":128},{"x":1257,"y":1,"width":517,"name":"车轮","height":517},{"x":1898,"y":205,"width":139,"name":"曲轴","height":105},{"x":1776,"y":405,"width":116,"name":"小牙轮","height":116},{"x":1,"y":1,"width":1254,"name":"车架","height":683},{"x":1776,"y":1,"width":229,"name":"大牙轮","height":202},{"frameWidth":98,"y":520,"frameHeight":118,"frameX":0,"height":118,"frameY":0,"width":97,"name":"robotFolder/head","x":1894},{"x":1776,"y":205,"width":120,"name":"robotFolder/upperbody","height":198},{"x":1422,"y":520,"width":88,"name":"robotFolder/lowerbody","height":106}],"width":2048,"name":"Bicycle","height":1024}