{"imagePath":"texture.png","name":"SwordsMan","SubTexture":[{"x":273,"y":424,"width":271,"name":"qqqqq","height":76},{"height":76,"y":586,"frameHeight":76,"frameY":0,"frameX":0,"frameWidth":201,"width":200,"name":"effect1","x":220},{"height":45,"y":641,"frameHeight":45,"frameY":0,"frameX":-1,"frameWidth":264,"width":263,"name":"effect3","x":640},{"x":1,"y":963,"width":215,"name":"effect5","height":10},{"height":72,"y":618,"frameHeight":72,"frameY":0,"frameX":-1,"frameWidth":188,"width":186,"name":"effect2","x":1},{"height":15,"y":975,"frameHeight":15,"frameY":0,"frameX":0,"frameWidth":278,"width":277,"name":"effect4","x":1},{"x":1,"y":1,"width":367,"name":"feng1","height":263},{"x":454,"y":701,"width":71,"name":"huo1","height":119},{"x":939,"y":179,"width":81,"name":"huo2","height":79},{"x":49,"y":844,"width":39,"name":"fii3","height":95},{"x":90,"y":844,"width":39,"name":"fiii1","height":90},{"x":955,"y":681,"width":37,"name":"fii2","height":90},{"x":737,"y":1,"width":201,"name":"fasheqi","height":176},{"x":234,"y":919,"width":95,"name":"zuowangx1","height":54},{"x":385,"y":924,"width":52,"name":"zuozhangx2","height":52},{"x":910,"y":357,"width":75,"name":"zuojian2","height":87},{"x":372,"y":830,"width":102,"name":"zuobi2","height":92},{"x":204,"y":923,"width":25,"name":"kuabu2","height":31},{"x":152,"y":796,"width":93,"name":"zuoxie21","height":57},{"x":372,"y":664,"width":66,"name":"zuoxie2","height":34},{"x":273,"y":266,"width":92,"name":"zuojiao1","height":128},{"x":90,"y":936,"width":18,"name":"guang12_1","height":22},{"x":1002,"y":521,"width":17,"name":"guang11","height":59},{"x":811,"y":524,"width":85,"name":"zuotui1","height":109},{"x":1,"y":772,"width":46,"name":"guang10","height":86},{"x":546,"y":438,"width":136,"name":"fubu","height":132},{"x":234,"y":855,"width":83,"name":"kudang","height":62},{"x":898,"y":524,"width":102,"name":"youxie21","height":63},{"x":131,"y":923,"width":71,"name":"youxie2","height":38},{"x":536,"y":572,"width":102,"name":"youjiao2","height":129},{"x":994,"y":681,"width":25,"name":"guang8","height":71},{"x":986,"y":153,"width":20,"name":"guang9","height":24},{"x":189,"y":664,"width":97,"name":"youtui2","height":130},{"x":154,"y":692,"width":32,"name":"guang7","height":78},{"x":189,"y":618,"width":27,"name":"guang6","height":40},{"x":247,"y":804,"width":74,"name":"lingzi","height":40},{"x":152,"y":855,"width":80,"name":"bozi","height":66},{"x":1,"y":992,"width":59,"name":"guang3","height":29},{"x":370,"y":265,"width":182,"name":"xiong","height":157},{"x":77,"y":692,"width":75,"name":"guang2","height":74},{"x":385,"y":978,"width":34,"name":"guang1","height":36},{"x":811,"y":455,"width":138,"name":"kuabu","height":67},{"x":737,"y":179,"width":200,"name":"boli","height":176},{"x":940,"y":132,"width":44,"name":"gaoguang","height":43},{"x":554,"y":265,"width":159,"name":"eji","height":171},{"x":1,"y":692,"width":74,"name":"jian","height":78},{"x":280,"y":975,"width":33,"name":"dapbing2","height":35},{"x":63,"y":941,"width":25,"name":"daobing3","height":11},{"x":684,"y":438,"width":16,"name":"daobing1","height":125},{"height":129,"y":1,"frameHeight":129,"frameY":0,"frameX":-28,"frameWidth":94,"width":49,"name":"dao22","x":940},{"x":715,"y":357,"width":94,"name":"dao","height":282},{"x":991,"y":1,"width":20,"name":"xx2","height":150},{"x":152,"y":772,"width":20,"name":"xx1","height":21},{"x":987,"y":357,"width":29,"name":"xx3","height":86},{"x":905,"y":589,"width":48,"name":"xx4","height":129},{"x":131,"y":844,"width":19,"name":"xx5","height":45},{"x":331,"y":804,"width":35,"name":"dao1","height":126},{"x":439,"y":924,"width":48,"name":"zuozhangx1","height":56},{"x":1,"y":860,"width":38,"name":"guangx1","height":96},{"x":315,"y":975,"width":11,"name":"guangx2","height":28},{"x":702,"y":438,"width":11,"name":"guangx3","height":139},{"x":288,"y":664,"width":82,"name":"youbi","height":138},{"x":131,"y":891,"width":19,"name":"guang13","height":23},{"x":951,"y":446,"width":68,"name":"youzhang","height":73},{"x":331,"y":932,"width":52,"name":"zuozhang1","height":59},{"x":372,"y":701,"width":80,"name":"zuozhang2","height":127},{"x":77,"y":768,"width":73,"name":"zuowang2","height":74},{"x":41,"y":941,"width":20,"name":"guang12","height":18},{"x":939,"y":260,"width":64,"name":"youwang","height":95},{"x":174,"y":772,"width":13,"name":"guang14","height":22},{"x":811,"y":357,"width":97,"name":"youjianjia","height":96},{"x":640,"y":572,"width":59,"name":"jianjianxx","height":58},{"x":955,"y":589,"width":63,"name":"zuowang1","height":90},{"height":262,"y":1,"frameHeight":263,"frameY":-1,"frameX":-3,"frameWidth":368,"width":365,"name":"feng2","x":370},{"height":94,"y":266,"frameHeight":100,"frameY":-5,"frameX":-28,"frameWidth":275,"width":244,"name":"effectdaoguang0004","x":1},{"height":82,"y":502,"frameHeight":100,"frameY":-1,"frameX":-47,"frameWidth":275,"width":226,"name":"effectdaoguang0001","x":220},{"height":83,"y":533,"frameHeight":100,"frameY":-4,"frameX":-58,"frameWidth":275,"width":217,"name":"effectdaoguang0003","x":1},{"height":81,"y":362,"frameHeight":100,"frameY":-16,"frameX":-2,"frameWidth":275,"width":270,"name":"effectdaoguang0005","x":1},{"height":86,"y":445,"frameHeight":100,"frameY":-1,"frameX":-58,"frameWidth":275,"width":217,"name":"effectdaoguang0002","x":1},{"height":197,"y":502,"frameHeight":197,"frameY":0,"frameX":-4,"frameWidth":90,"width":86,"name":"effect11","x":448}]}