{"imagePath":"Ubbie_tex.png","SubTexture":[{"x":225,"y":579,"width":259,"name":"shade","height":59},{"x":462,"y":366,"width":347,"name":"pifeng","height":211},{"x":913,"y":162,"width":79,"name":"hand_r1","height":177},{"x":225,"y":425,"width":135,"name":"hand_r2","height":78},{"x":928,"y":341,"width":80,"name":"hand_l11","height":123},{"x":486,"y":579,"width":76,"name":"hand_l22","height":121},{"x":898,"y":1,"width":114,"name":"leg_r","height":159},{"x":811,"y":366,"width":115,"name":"leg_l","height":153},{"x":1,"y":425,"width":222,"name":"body","height":194},{"x":1,"y":621,"width":80,"name":"hand_l1","height":123},{"x":1,"y":1,"width":459,"name":"head_2","height":422},{"x":83,"y":621,"width":76,"name":"hand_l2","height":121},{"x":462,"y":199,"width":449,"name":"eye_hmj","height":165},{"x":225,"y":505,"width":199,"name":"eye","height":50},{"x":564,"y":640,"width":207,"name":"eye2","height":38},{"x":928,"y":466,"width":58,"name":"mouth","height":34},{"x":811,"y":521,"width":144,"name":"apple_","height":120},{"frameWidth":448,"y":1,"frameHeight":214,"frameX":-5,"height":196,"frameY":-10,"width":434,"name":"logo24","x":462}],"width":1024,"name":"Ubbie_2","height":1024}